-154.6,18
-153.733894776126,17.347179853536
-152.739136803863,16.588125339466
-151.615721186508,15.7228327827957
-150.363410806921,14.7511242518623
-148.982623484201,13.6733132768201
-147.473189935597,12.4892728297403
-147.08722192775,12.1705624026009
-146.701263681576,11.8518593011297
-146.315295673264,11.5331488746102
-145.929337426806,11.2144457735167
-145.543369418341,10.8957353472007
-145.15741260565,10.5770333220971
-144.771452925369,10.25832914509
-144.385484916979,9.93961871867468
-143.999526670575,9.6209156175099
-143.613558486045,9.30220505881094
-143.227600683333,8.9835022904804
-142.841632865411,8.66479200681246
-142.455674619077,8.34608890555569
-142.069706610797,8.02737847899274
-141.683748364496,7.70867537769121
-141.297780617611,7.38996514718371
-140.911821927729,7.07126171289848
-140.525853644057,6.75255107937548
-140.139895397976,6.43384797778089
-139.753927390062,6.1151375507307
-139.367973134158,5.79643744268782
-138.982010898782,5.47773134636541
-138.596042891536,5.15902091842494
-138.210084646459,4.84031781549155
-137.824116834198,4.5216075329423
-137.438158367829,4.20290426285321
-137.0521901601,3.88419368206966
-136.66623191656,3.56549057708898
-136.280263911932,3.24678014565991
-135.894306130606,2.92807738300009
-135.508337685593,2.60936661434004
-135.122378974851,2.29066314411383
-134.736410729494,1.97195250999737
-134.350459189433,1.65325439745257
-133.964494739261,1.33454657619811
-133.578526567021,1.01583593059753
-133.192568457556,0.697132788900991
-132.806600552153,0.378422225241097
-132.420642386981,0.0597188627787805
-132.034674667215,-0.258991832756013
-131.648717156251,-0.577695115509885
-131.262749458655,-0.896406418153854
-130.876791703458,-1.21511083044989
-130.490824916928,-1.53382288516342
-130.104868522743,-1.8525284546661
-129.71890366672,-2.17124236638141
-129.332957879263,-2.48994499273141
-128.947001620004,-2.80866006508993
-128.561048382771,-3.12737983128961
-128.175100631796,-3.44610604421077
-127.789146092472,-3.76485338083348
-127.403221435755,-4.08360261854416
-127.017319880856,-4.40237143235474
-126.631436098511,-4.72118292177457
-126.245597583289,-5.04004543975482
-125.859810626575,-5.35899824944002
-125.474122836892,-5.67807237086841
-125.088577840443,-5.99733635203422
-124.703792416797,-6.31648106511397
-124.318807418131,-6.63645948057271
-123.949061839001,-6.94602805561207
-123.582534750756,-7.25507007171589
-123.217644754609,-7.56563196579611
-122.854949835751,-7.87852868717736
-122.495406802541,-8.19497758870711
-122.140630607649,-8.51673431085872
-121.790999159398,-8.84408797917164
-121.446604149748,-9.17695417417994
-121.107524318508,-9.51525084842843
-120.772693110261,-9.8577471875278
-120.440637333697,-10.2030502880014
-120.110321409498,-10.5503170505614
-119.781031516997,-10.8990349810471
-119.452193555518,-11.2489937752755
-119.123415427002,-11.6000843659657
-118.794390802559,-11.952307984189
-118.464857898558,-12.3057576786927
-118.13461238017,-12.6605561785679
-117.803471562099,-13.0168709880853
-117.471291015675,-13.3748712579888
-117.137924312964,-13.7347692978766
-116.803256545967,-14.0967632847079
-116.467178647499,-14.4610682083827
-116.129590726268,-14.8279063186802
-115.790405342876,-15.1974984183786
-115.449523154945,-15.5701014035464
-115.106870473318,-15.9459417728521
-114.762374188407,-16.3252560958777
-114.415957453688,-16.7082952209933
-114.067549716592,-17.0952993966419
-113.717073169629,-17.4865160722551
-113.364443094736,-17.88218557153
-113.009552766654,-18.2825521047162
-112.652267400945,-18.6878437672645
-112.296953328823,-19.0874352387753
-111.956474753408,-19.4493955606768
-111.630829735245,-19.7737847076769
-111.311204510406,-20.0794510581991
-110.996217369115,-20.3700191913745
-110.684281427188,-20.6480835183469
-110.37329033477,-20.9154876599252
-110.060594491999,-21.1730416812364
-109.742951923534,-21.4201204220531
-109.416638063792,-21.6538966430131
-109.077503233446,-21.8683253595584
-108.724431141634,-22.0589235114706
-108.359087555024,-22.2247862770362
-107.98318997555,-22.3651336853334
-107.600290763758,-22.4859774740209
-107.212001485731,-22.5935695893976
-106.817901692756,-22.6921041680492
-106.416328603085,-22.7842176210097
-106.004839609562,-22.8713501713514
-105.580512367088,-22.954002526892
-105.140159652432,-23.0319272112268
-104.680399884394,-23.104280226617
-104.191248340745,-23.1687251316585
-103.677210187276,-23.2260891519033
-103.135802281911,-23.2751825275946
-102.593598848314,-23.3243918993554
-102.051362836786,-23.3737232422401
-101.510076799625,-23.4232778047155
-100.991515517745,-23.4799459356941
-100.474331904441,-23.5365875469832
-99.978031649664,-23.5981045935545
-99.4974354962803,-23.6632919087912
-99.0302022173182,-23.7316047474809
-98.5741198757997,-23.8027445566685
-98.1270123797296,-23.8767493370627
-97.6869521483928,-23.954120614641
-97.2522044244462,-24.0359759072653
-96.8214525505415,-24.1242621048862
-96.3940836963623,-24.222061127603
-95.9705757194462,-24.3340448825036
-95.553231428101,-24.4671202658097
-95.1434428088048,-24.621845493756
-94.7422961836015,-24.7977915981837
-94.3509212743676,-24.994482474461
-93.9703522150918,-25.2113836998119
-93.6016506856951,-25.4478906618798
-93.2458386756494,-25.7033563332986
-92.9038681359697,-25.9770935349264
-92.5766804376954,-26.2683413218379
-92.2651876372541,-26.5763057202045
-91.9702115664307,-26.9001494073334
-91.6925919476456,-27.2389702251452
-91.4330765223069,-27.5918480293883
-91.1923840252293,-27.95781391906
-90.9711555208407,-28.3358868781376
-90.7685986956528,-28.7243241270098
-90.578644481923,-29.1195431683272
-90.3969652460037,-29.520154701523
-90.2205004529752,-29.9261797584405
-90.0471493608571,-30.3384849432245
-89.8755185233801,-30.7585237482498
-89.7047492920686,-31.1881760556188
-89.5344375761917,-31.6294389220935
-89.3643753186734,-32.0855216059309
-89.1935732364061,-32.5719814091848
-89.0223120383685,-33.0676508966683
-88.850770170519,-33.568620533356
-88.6790635106985,-34.0695973670191
-88.5073085941542,-34.5705712939483
-88.3356129070531,-35.0714368743147
-88.1641205974639,-35.5767307403254
-87.9929160254511,-36.0712562543108
-87.8220078560082,-36.5572509510841
-87.6514409155776,-37.0359954086321
-87.4812865776489,-37.508106749075
-87.3115948232472,-37.9742098516951
-87.1423896225371,-38.4348911934969
-86.9736545775489,-38.8907451360313
-86.8053233987195,-39.3423628437305
-86.6372718026154,-39.7902964397667
-86.4692991715776,-40.2350504422327
-86.3010881975726,-40.677124172851
-86.1321717726347,-41.1169556362837
-85.9619089319637,-41.5547580813122
-85.7893111824326,-41.9907342834905
-85.6129975890294,-42.4247078011159
-85.4309634927748,-42.8560628852469
-85.2402298504116,-43.2836344363295
-85.0388017275934,-43.7062847267563
-84.8268013110551,-44.1237192594908
-84.604365192483,-44.5356916677688
-84.3716353031145,-44.9419223932204
-84.1287506053114,-45.3421669407354
-83.875868942042,-45.7361743789997
-83.6131406735752,-46.1237005298735
-83.3407461211977,-46.5044968436694
-83.0588557799492,-46.8783099732944
-82.7676553988683,-47.2449088849712
-82.4673110612132,-47.6040671956708
-82.1580333243346,-47.9555500764003
-81.8400031684713,-48.2991298961196
-81.5134248047222,-48.6346041419338
-81.1784947243596,-48.9617605982399
-80.8354677931632,-49.2803679186961
-80.4845214671347,-49.5902297722553
-80.1258448073845,-49.8911963629912
-79.7597517726252,-50.1830325714969
-79.3864302770051,-50.465536303994
-79.0061020940713,-50.7385758327768
-78.619018773715,-51.0019520478286
-78.2263913617014,-51.2570482750428
-77.8300705380524,-51.506630262935
-77.4310074027677,-51.7526460225842
-77.0296327709234,-51.9964357638313
-76.6259918969079,-52.2389343901025
-76.2175526925426,-52.4819941971025
-75.7937064678847,-52.7311397765102
-75.3609187959614,-52.9837534099117
-74.9264701294178,-53.2367497957092
-74.4919139881106,-53.4895545578229
-74.0573043111555,-53.7422252687404
-73.6226634558987,-53.9948057977869
-73.1879859590561,-54.2473341357021
-72.7532965708848,-54.4998225697306
-72.318597489716,-54.7522855423527
-71.883897643483,-55.0047292076788
-71.449178584569,-55.2571685617077
-71.0144618227329,-55.5095983480997
-70.5797486756856,-55.7620208839188
-70.1450242226347,-56.0144447954057
-69.7103068183921,-56.2668630917756
-69.2755884293192,-56.5192802164661
-68.8408620580619,-56.7716998620329
-68.4061419372563,-57.0241159862589
-67.971422724119,-57.2765312237502
-67.5366982789363,-57.528948483009
-67.1019771417405,-57.7813640132834
-66.6672565330699,-58.033779111058
-66.2325377987327,-58.2861931834579
-65.7978105516357,-58.5386108812352
-65.3630907616543,-58.7910249677865
-64.9283698493088,-59.0434391997883
-64.4936435166362,-59.2958553452877
-64.0589236344824,-59.5482678094587
-63.6242017232,-59.8006800103648
-63.1894800521747,-60.0530903251624
-62.7547499737088,-60.3055017262273
-62.3200260485163,-60.5579062746304
-61.8853004710421,-60.8103053675971
-61.4505998928719,-61.0626838145911
-61.0141384826784,-61.3158397667672
-60.5892955494131,-61.5637479408421
-60.1660686929039,-61.8110072843463
-59.7436646438493,-62.0579523213745
-59.3219633284554,-62.3046096682714
-58.9008480409218,-62.551014450941
-58.4802318649674,-62.7971943861444
-58.0599949766935,-63.0432002088394
-57.6400467509385,-63.289071998581
-57.2202836531868,-63.5348610252213
-56.8006112594577,-63.7806171389861
-56.3809294447814,-64.0263968383831
-55.9611388959086,-64.2722593288517
-55.5411603004612,-64.5182548080253
-55.1208789550635,-64.7644583041776
-54.7002127002276,-65.0109271996089
-54.2790837525212,-65.257718907498
-53.8573863966017,-65.5049122114939
-53.435047291852,-65.7525667856744
-53.0119647618914,-66.0007647825269
-52.588061135183,-66.2495740766561
-52.1632578234653,-66.49906586706
-51.7374633112135,-66.7493234904711
-51.3106102629639,-67.0004142423793
-50.8826033073165,-67.2524291800114
-50.4533606755937,-67.5054500346978
-50.0228199771371,-67.7595434143585
-49.5908899200043,-68.0147992133265
-49.1574881885944,-68.2712970758928
-48.722529743938,-68.5291132834147
-48.2859257466096,-68.7883170272172
-47.8475762371859,-69.0489698334361
-47.4073596308199,-69.311124341726
-46.9651260198307,-69.5748139293901
-46.5207002270354,-69.8400239779314
-46.0738466735851,-70.1066865399901
-45.6351846159869,-70.3636321419979
-45.2309873803677,-70.5833646797864
-44.8738288190582,-70.7520285651074
-44.5255138868189,-70.9008290438286
-44.1811901618714,-71.0334959240284
-43.8374734366105,-71.1504443863733
-43.4909710290877,-71.2493719335343
-43.1391651825082,-71.3242889281255
-42.7817604432724,-71.3647862362771
-42.4221092840502,-71.3704911429509
-42.063584276423,-71.3413468662442
-41.7095809498695,-71.2776330606729
-41.3634224486629,-71.1799460398726
-41.0254246487206,-71.0556965332377
-40.6928051090923,-70.9123714935157
-40.3618614082924,-70.7532557526709
-40.0287533781962,-70.5786007961889
-39.6900733126027,-70.386490532302
-39.3426059541813,-70.1729420427292
-38.9619332736639,-69.9096109989428
-38.5512750543088,-69.6020099017849
-38.1308988053166,-69.280427723869
-37.7103082870229,-68.9589829392273
-37.2895973729095,-68.637625464544
-36.8688227639417,-68.3162965056382
-36.4480515882779,-67.9949751135711
-36.0273320016068,-67.6736120258379
-35.6067407210189,-67.3521800877017
-35.1879391146215,-67.0330054559971
-34.7854571831839,-66.737821551957
-34.3923846257027,-66.4565842553882
-34.0052256361111,-66.1841482633116
-33.6234084061967,-65.919334165043
-33.246256700933,-65.6610654028386
-32.8730381882547,-65.4084548567719
-32.5028728760667,-65.1607579477216
-32.1347272390477,-64.9174451557254
-31.767435904363,-64.678334879639
-31.3996419777197,-64.4437110333667
-31.0297558178291,-64.2145418926483
-30.6559106137238,-63.9928215859754
-30.2758800745864,-63.7820731636281
-29.8880595354486,-63.5860499166248
-29.4930037791285,-63.4050251757987
-29.0913034479211,-63.2392720364428
-28.6835483130609,-63.0890306998711
-28.270332589249,-62.9545254900799
-27.8522633681407,-62.8359472388976
-27.4299616039102,-62.7334750036687
-27.0040478756771,-62.6472617870816
-26.5751384973081,-62.5774284333412
-26.1438686631581,-62.5240829723479
-25.7111763158426,-62.482857890029
-25.2772729120119,-62.4497288715223
-24.8417855873045,-62.422075953634
-24.404020597196,-62.3982444118793
-23.9629906475682,-62.3772526810671
-23.5176605430526,-62.3585942209477
-23.0669161384135,-62.3421144501258
-22.6095876174494,-62.3279292457978
-22.1445529958839,-62.316358750436
-21.6706621007853,-62.307910838079
-21.1868610665037,-62.3032365999889
-20.6725879680941,-62.3087472894267
-20.1475449169177,-62.3176414293971
-19.6190606553204,-62.3274503665352
-19.0905189602655,-62.3370809238105
-18.5619420240411,-62.3466274659093
-18.0333655337683,-62.3561623607993
-17.5048051710939,-62.3657632262622
-16.976304348835,-62.3755102704977
-16.4540229174886,-62.3832885467129
-15.9550301502397,-62.3830668085403
-15.4801655396932,-62.3746135582985
-15.0188685390495,-62.3612064236067
-14.5682661386521,-62.3438692102156
-14.126234702694,-62.3231654835495
-13.6907548389609,-62.2992768140498
-13.2598673917805,-62.2719290967552
-12.8317061821396,-62.2402694150114
-12.4047840657781,-62.2026830312091
-11.9780315498517,-62.1570383862311
-11.5498394283209,-62.1053498554579
-11.1183680668143,-62.0485692273726
-10.6817062789632,-61.9868629130325
-10.2350503642918,-61.9189759397241
-9.77158686326868,-61.8424796760328
-9.27286314405211,-61.750008075035
-8.76898486124089,-61.6548747368364
-8.26520259737668,-61.5595067813793
-7.76149556506012,-61.4639893996762
-7.25783328929455,-61.3683714239001
-6.75419279128132,-61.2726837594548
-6.25057812080715,-61.1769550998997
-5.7469744150646,-61.0811966944508
-5.2433772635841,-60.9854182482212
-4.73978875136072,-60.8896282522224
-4.23620095926069,-60.7938281441364
-3.73261796706964,-60.6980227415553
-3.22903580032103,-60.602212055538
-2.72545455388951,-60.5063968716175
-2.22187668976382,-60.4105781406593
-1.71829967324948,-60.3147537542856
-1.21665308244259,-60.2197610423587
-0.723287048776108,-60.1283589210844
-0.229891647050913,-60.0369777482599
0.259466849547117,-59.9472182284812
0.745612287376095,-59.8587569449533
1.228902574377,-59.7714620356142
1.70969422893152,-59.6852322206496
2.18837602956105,-59.5999997271536
2.66531186498556,-59.5157670531875
3.14090444272911,-59.4326151331383
3.6155610214283,-59.3507525889632
4.08967386503866,-59.2705796024859
4.56364944889031,-59.1927704501126
5.03792805106367,-59.1184050962887
5.51293386356125,-59.0491835137812
5.98881132439821,-58.9859177316538
6.46540968225569,-58.9266363409334
6.94277160092247,-58.8700634293514
7.42716501091401,-58.8148238861909
7.9194587460684,-58.7602727461152
8.41725315197115,-58.7061596712308
8.9151229713623,-58.6525219247063
9.41300921495505,-58.5991991621778
9.91090624257129,-58.5460839715522
10.4088173768149,-58.4931051997149
10.9067266950019,-58.4402169102934
11.4046340102495,-58.3873882899308
11.902550188258,-58.3345984551983
12.4004659382436,-58.281834509318
12.8983824043565,-58.2290875713816
13.3963004693821,-58.1763517822262
13.8942179715474,-58.1236234250174
14.3921366270624,-58.0708998852539
14.8900555581664,-58.0181795456469
15.3879774133003,-57.9654611707401
15.8858974773019,-57.9127442861166
16.3838129189618,-57.8600285646274
16.8817310629877,-57.8073133073697
17.3796511782621,-57.7545983460439
17.8775694052576,-57.7018837473594
18.3754895434434,-57.6491692217306
18.873407868698,-57.5964549058198
19.3713261120964,-57.5437406695979
19.8692443581,-57.491026482917
20.367165391054,-57.4383121824103
20.8650856439135,-57.3855979444702
21.3630011364865,-57.3328839710094
21.8609212913001,-57.2801697615858
22.3588396089422,-57.2274556546395
22.8567578595115,-57.1747415547819
23.3546761101792,-57.122027456796
23.8525943042144,-57.0693133623054
24.3505144596085,-57.0165991639187
24.8484347175262,-56.963884957971
25.3463530184175,-56.9111708509644
25.8442713205596,-56.8584567373985
26.3421896160793,-56.8057426140216
26.8401078239601,-56.7530284796317
27.3380279760893,-56.7003142191574
27.8359462596868,-56.6476000206621
28.3338645022841,-56.5948857692042
28.8317229038637,-56.5421745808429
29.3309817318287,-56.4893896229971
29.8304296062213,-56.4365939496058
30.3299304997836,-56.3837948811712
30.8294818028695,-56.3309928496715
31.3290914415129,-56.2781876826687
31.8287578542563,-56.2253796177866
32.3284902689047,-56.1725683445219
32.8282696172382,-56.1197548508375
33.3281177789493,-56.0669382399622
33.8280261013664,-56.014118972308
34.3280023937014,-55.9612967841119
34.82803647675,-55.908472176552
35.3281392625818,-55.8556447696744
35.8282993021382,-55.802815092582
36.3285323560289,-55.7499825951138
36.8288345312689,-55.6971474872941
37.3292074729798,-55.6443097694852
37.8296448576991,-55.5914697318486
38.3301566268415,-55.5386270806567
38.8307435105237,-55.4857818357753
39.3313991131851,-55.4329342458078
39.8321319729379,-55.3800840538195
40.3329117168823,-55.3272322073945
40.8363416183608,-55.274298884697
41.3351399361642,-55.2214973781366
41.8357992011363,-55.1686405798862
42.3397145065627,-55.1156879080093
42.8437916290398,-55.0627247586885
43.3479725254317,-55.0097533274487
43.8522576421985,-54.9567733131353
44.3566734314312,-54.9037827135345
44.8611658542718,-54.8507800608236
45.3633723274937,-54.7978125749156
45.857780912671,-54.7449902636143
46.3517606829291,-54.6921615312203
46.8456739386445,-54.6393185805101
47.339486783676,-54.5864595895474
47.8332133928668,-54.5335783794655
48.3268593857503,-54.4806646882917
48.8208979138594,-54.4276902571527
49.3193322265533,-54.3745241250914
49.8081555014248,-54.321516389031
50.3068678400015,-54.2680712965712
50.8055694256726,-54.2143773437081
51.3042654099339,-54.160305091269
51.7994503452599,-54.1057554288539
52.2764431719813,-54.0508370115957
52.7504472226786,-53.9945932721118
53.2210520882109,-53.9364986975143
53.7041299996174,-53.874579045935
54.1483329482422,-53.8118472841541
54.5805790767552,-53.7429622157861
55.0108494235793,-53.6633848906744
55.438313455632,-53.5697134409599
55.8566126737264,-53.4651385571075
56.1648894154189,-53.3735689615828
56.3390266707259,-53.2934523853886
56.4713022150318,-53.166988357503
56.6677471800458,-52.9138637180787
56.8977174566755,-52.5847775517139
57.1392808819207,-52.2133524727549
57.3980244494079,-51.7922924424123
57.6294674372126,-51.3917535097788
57.8095855981177,-51.0441186089445
57.961801893928,-50.6908379746831
58.0875174609578,-50.3272762351433
58.1862791872568,-49.9543491222526
58.2646037459106,-49.551479711041
58.3243512642628,-49.145969251609
58.3594573453039,-48.7919526841773
58.3723929254276,-48.4463736968736
58.3614720215723,-48.0841575925744
58.3183211661897,-47.6490377526397
58.2474382555854,-47.1731369981185
58.166715144615,-46.760128549908
58.0948424266123,-46.5345826138475
57.9460808427913,-46.3316359391601
57.6276906982473,-46.001931168838
57.261832323463,-45.6597046028046
56.9016401778181,-45.3506935343404
56.5808366905219,-45.1042050427245
56.2683544935736,-44.8859947338023
55.959092803335,-44.6892487802281
55.6771832017405,-44.53340935523
55.4424170108402,-44.4391261594028
55.1722951077993,-44.3809919848208
54.7690052798756,-44.333069315895
54.2797457791967,-44.2918991480279
53.8124609902276,-44.262124838358
53.347694106058,-44.2398570028466
52.8827442572072,-44.2235943793729
52.4176581727663,-44.2130293073604
51.9524388305725,-44.2069791845067
51.487040112483,-44.2039514274405
51.0213158615638,-44.2029869300543
50.5550414610312,-44.2034910937903
50.0880103845048,-44.2051242704921
49.6146928132872,-44.2080244668141
49.1223187373535,-44.2129865172365
48.625250454794,-44.2186113008284
48.1238409138814,-44.224783265268
47.6224440084788,-44.2310614728449
47.1210491966564,-44.2374102448753
46.6196581957429,-44.2438053027316
46.1182745387653,-44.2502304346242
45.6168883108711,-44.2566760408762
45.1154999668428,-44.263135176881
44.6141241043513,-44.2696020007083
44.1127437625788,-44.2760750152674
43.6113603314458,-44.2825521216544
43.1099774140246,-44.289031698878
42.6085954767525,-44.295512847615
42.1072195788392,-44.3019945546381
41.605836389136,-44.3084776272965
41.1044510204666,-44.3149613674776
40.6030715804849,-44.3214448957392
40.1016927517241,-44.3279285760882
39.6003114162405,-44.3344126142224
39.0989311348705,-44.3408966486488
38.5975485207659,-44.3473809486186
38.0961680304769,-44.3538650995537
37.5947911416955,-44.3603489574155
37.0934081852412,-44.366833369309
36.5920241811574,-44.3733178851285
36.0906433934058,-44.379802123664
35.5892644850525,-44.3862862007401
35.0878856889553,-44.3927702711215
34.5865027982702,-44.3992547060904
34.085119583821,-44.4057391711739
33.5837417919934,-44.4122231572901
33.0823627119189,-44.4187072581215
32.5809798400455,-44.4251916950633
32.0796015587896,-44.4316757260359
31.5782187495328,-44.4381601580367
31.0768382040443,-44.4446443898149
30.5754576016909,-44.4511286267185
30.0740766901607,-44.4576128910445
29.5726965681275,-44.4640970855191
29.0713155371639,-44.4705813604565
28.5699346256376,-44.4770656248257
28.0685549713049,-44.4835497779149
27.5671715801205,-44.4900342617629
27.0657925611193,-44.4965183586608
26.5644114618654,-44.5030026398021
26.0630295156474,-44.5094869961092
25.5616486041806,-44.515971261151
25.0602680277874,-44.5224554970455
24.558887116435,-44.5289397633803
24.0575085662894,-44.5354238219314
23.5561260601549,-44.5419082325011
23.0547431608134,-44.5483926807499
22.55336693261,-44.5548765429148
22.0519821255342,-44.5613611711453
21.5506011016289,-44.5678454748449
21.0492234124046,-44.5743294991551
20.5478399586747,-44.5808140577154
20.0464590564346,-44.5872984269972
19.5450818060289,-44.593782528619
19.0436980920856,-44.600267286764
18.5423153272036,-44.6067520891271
18.0409383819622,-44.6132365710485
17.5395541408188,-44.6197219942581
17.0381733445822,-44.6262075611329
16.5367931276845,-44.6326937575898
16.0354105003808,-44.6391812007182
15.5343461082064,-44.645642043844
15.0318825552031,-44.6522291117803
14.5277827743819,-44.6589650873319
14.0244320380424,-44.6656488477911
13.521371863093,-44.6723124197616
13.0186159257115,-44.6789520159364
12.5161088608138,-44.6855684334559
12.0138189784246,-44.6921597358426
11.5117656447255,-44.6987187628688
11.0098920811208,-44.7052394276123
10.508177807523,-44.7117086330563
10.006614771762,-44.7181049516457
9.50515104025313,-44.7243971307886
9.00378364027133,-44.7305343407019
8.50250985798261,-44.7364389676066
8.0012866216429,-44.7419939912382
7.50008245948898,-44.7470206473137
6.99889572287786,-44.7512464578402
6.49771448752615,-44.7542578929555
5.9965210134592,-44.7554274780813
5.49532191130299,-44.7542014463391
4.99413520177972,-44.7505797764085
4.49297652951198,-44.7445623969878
3.9918536465385,-44.736145581155
3.49077747493708,-44.7253331347607
2.98975382996421,-44.7121213481327
2.48877142151123,-44.6971967525038
1.98783842007647,-44.6811435480629
1.48689073291951,-44.6643443826356
0.985900663488847,-44.647051840093
0.484893175872417,-44.6294340628613
-0.0161846973727812,-44.6115982263145
-0.517378574007897,-44.5936140739375
-1.01868987406356,-44.5755288992676
-1.52013730510779,-44.5573723843948
-2.02174973596806,-44.5391625535821
-2.52355082216229,-44.5209104922868
-3.02557294847757,-44.5026217187461
-3.52783029194168,-44.4842999387699
-4.03034925141083,-44.4659455631405
-4.53315695088,-44.4475573944257
-5.03625836024586,-44.429135291074
-5.53968080019114,-44.4106760958
-6.04347022446774,-44.3921741233391
-6.54763747259015,-44.3736271779484
-7.05219410746846,-44.3550327358061
-7.55716740405798,-44.336386262522
-8.06257593554159,-44.3176843252406
-8.56846089587991,-44.298920743091
-9.07482909753381,-44.2800944240941
-9.58170771145611,-44.2612022719834
-10.0891178909469,-44.2422434620821
-10.5976690081459,-44.2231315254116
-11.1014240056842,-44.2047943406674
-11.6048407186791,-44.1865159635011
-12.1082798103047,-44.1682370644212
-12.6117218505081,-44.1499597048241
-13.1151649082991,-44.1316834995276
-13.6186033209048,-44.1134088932533
-14.1220458893704,-44.0951341660967
-14.6254885854134,-44.0768597481889
-15.128928462496,-44.0585859546564
-15.6323698520176,-44.0403119660138
-16.1358123785848,-44.022037724606
-16.6392523771339,-44.0037636869662
-17.1426942987292,-43.9854889747871
-17.6461366560178,-43.9672135957612
-18.1495775131949,-43.9489375240071
-18.6530197437711,-43.9306597990532
-19.1564595490007,-43.912380275674
-19.6598985378995,-43.894097556978
-20.1633381864073,-43.8758096804335
-20.6667765655635,-43.8575143370358
-21.1702137375109,-43.8392075454708
-21.6736453477809,-43.8208839771393
-22.1770774945535,-43.8025335122522
-22.6805017506946,-43.7841436251354
-23.1839085517163,-43.7656947923998
-23.6878268462022,-43.7470703803914
-24.1912066885345,-43.7283899889827
-24.6945465570913,-43.7095002317582
-25.1977748664096,-43.6903009119875
-25.7003854930795,-43.6707036194972
-26.2034574635641,-43.6502785918052
-26.7063624011414,-43.6287361314776
-27.2090003711933,-43.6055001115876
-27.7111908067915,-43.5797009028154
-28.2121668515886,-43.5500976874422
-28.7127596951511,-43.5144885372965
-29.2119784799404,-43.4698920651231
-29.7090147965878,-43.4116729850877
-30.2098862724823,-43.3316397515007
-30.7551149891664,-43.1406038008849
-38.5011442141363,-41.4217833649727
-39.3490153222414,-41.2303189104667
-39.8504323836072,-40.8966809069914
-40.2315290510805,-40.4081908847533
-40.4959227127678,-39.8492479189067
-40.7194727723978,-39.2255309684595
-40.8916528226607,-38.5936826499449
-40.9801626151952,-38.0210693916623
-41.0225630201105,-37.4709676430576
-41.037669931453,-36.9302779605191
-41.0390368854124,-36.3885134492386
-41.0224810615253,-35.8688872265588
-40.9909773481163,-35.3733609044152
-40.9484454932928,-34.8975150524898
-40.8980519908122,-34.4358519504976
-40.8404904954613,-33.991091365783
-40.7800602785364,-33.5290860353802
-40.714761605812,-33.0883734646868
-40.6434184778383,-32.6696634053631
-40.5634296366109,-32.2570593890627
-40.4718372673709,-31.8493611107679
-40.363734151025,-31.4468682400722
-40.2314815810933,-31.0516076500019
-40.070365962658,-30.6605936675431
-39.878249061996,-30.2601552604843
-39.6761849813095,-29.8869332909277
-39.4588237979869,-29.5339981332023
-39.2212904411428,-29.1943175602985
-38.963349617401,-28.8677884137081
-38.6713392823211,-28.5309249524416
-38.3474702289609,-28.1792185084756
-38.0367817012307,-27.8593838425456
-37.7244467671419,-27.5572677620291
-37.4008112964382,-27.2672926378114
-37.0667643611422,-26.9893285143196
-36.7189738273218,-26.7188503540781
-36.3543516681366,-26.4547825827841
-36.0096530066226,-26.2289814793457
-35.660264579732,-26.0350216350769
-35.298507386458,-25.8731694095338
-34.9068392702401,-25.7362011951663
-34.4847372688145,-25.6153164454775
-34.0806173084039,-25.5216180306599
-33.6873484372957,-25.455686505382
-33.2846092644064,-25.4073489802879
-32.8266106719386,-25.3660725871332
-32.3626956750573,-25.3306828946409
-31.9046452324242,-25.2996211362479
-31.4835137462579,-25.2723629355391
-31.0552869166333,-25.2510391538664
-30.6183038827552,-25.2352542463212
-30.161087947127,-25.2267441006977
-29.6602413533415,-25.2301781310583
-29.1462813507134,-25.2375180242074
-28.632410450883,-25.2452182770874
-28.1186004229026,-25.2531557416044
-27.604831615038,-25.2612496789472
-27.0910871999558,-25.2694480914213
-26.5773616173015,-25.2777156527427
-26.0636456818757,-25.2860310011415
-25.5499389679904,-25.2943794184532
-25.0362409308139,-25.302752465043
-24.5225466672944,-25.3111475409311
-24.0088578949721,-25.3195644238047
-23.4951756758442,-25.3280071515699
-22.9815019420348,-25.3364843955972
-22.4678426572144,-25.3450102758134
-21.955451170074,-25.3532918557205
-21.4513373233084,-25.3595902041207
-20.9590435012555,-25.3630574043175
-20.4732288178489,-25.364956333015
-19.991818851127,-25.3658223148142
-19.5142146382156,-25.3658790706089
-19.039813602798,-25.3653144657246
-18.5680024069958,-25.3642826194277
-18.0981718829298,-25.3629029015554
-17.6296976557388,-25.3612621262829
-17.1619644168095,-25.3594132143409
-16.6943436934572,-25.3573762090703
-16.2262185839444,-25.3551379683079
-15.7569801120442,-25.3526523004922
-15.285996982276,-25.3498383196025
-14.8126524630383,-25.3465822485931
-14.3363503826645,-25.3427377542733
-13.856472581506,-25.3381198474154
-13.3724222914613,-25.3325094768706
-12.8836122579275,-25.3256495496762
-12.3875450100766,-25.3168367428885
-11.875256536952,-25.3037874020023
-11.3609007969538,-25.2903159098224
-10.8458276315333,-25.2767292573846
-10.330747778133,-25.263172115685
-9.81567175794696,-25.2496006835955
-9.30061181209004,-25.2359689272693
-8.78558423580621,-25.2222205047339
-8.26604776078746,-25.2070141430816
-7.74399374812779,-25.1907817273685
-7.22712721624337,-25.1754536925073
-6.71803268447955,-25.1616237286158
-6.21452158896442,-25.1488845931757
-5.71491890380701,-25.136944708893
-5.2175535875758,-25.1255709901004
-4.71664162631961,-25.1142771568635
-4.22172654897053,-25.1031741546306
-3.71812770227017,-25.0923528649801
-3.21429514459651,-25.0816364999813
-2.71042178997789,-25.070985143817
-2.2064565227308,-25.0603740463623
-1.70514054276551,-25.0497384129039
-1.21373699428113,-25.0389366136697
-0.713457385432743,-25.0283085935336
-0.21317750941383,-25.0176875521481
0.287102280477274,-25.0070711048284
0.787381776541242,-24.9964576805603
1.28766123907133,-24.985846251364
1.78794152465131,-24.9752361524005
2.28822111094623,-24.9646269071653
2.788500187034,-24.9540182235411
3.28877958934356,-24.9434099220723
3.78905899043192,-24.9328018682823
4.28933912605447,-24.9221939909529
4.7900984100249,-24.9115950302711
5.290377800695,-24.9009873178738
5.79065695419425,-24.8903796483135
6.29094053572568,-24.8797720912218
6.79108609163068,-24.8691620167607
7.29102714111836,-24.8585481927276
7.79130694068663,-24.8479405558604
8.29158304103422,-24.8373328514828
8.79186016445365,-24.826725160365
9.29213805916681,-24.8161174715514
9.79193428174662,-24.8055009726256
10.2922084734862,-24.7948931072391
10.7924825638357,-24.7842852250536
11.2927566608968,-24.7736773335454
11.8006067447194,-24.7632066477078
12.3008808266022,-24.7525987447916
12.8011549173903,-24.7419908383834
13.3014292649111,-24.7313829342151
13.801703427805,-24.7207750251119
14.3019772244957,-24.7101671083243
14.8022513153879,-24.6995591961693
15.3025254062885,-24.688951283553
15.8027995012169,-24.6783433707024
16.3030726391048,-24.6677354403124
16.8033467256553,-24.6571275269644
17.3036208165695,-24.6465196135991
17.8038949074849,-24.6359117001658
18.3041689984012,-24.6253037866825
18.8044430893182,-24.6146958731608
19.3047171802357,-24.6040879596078
19.8049912711538,-24.5934800460274
20.3052653620723,-24.5828721324216
20.8055394529912,-24.5722642187905
21.3058135439107,-24.5616563051331
21.8060876348306,-24.5510483914468
22.3063617257512,-24.5404404777274
22.8066358166725,-24.5298325639685
23.3069099075947,-24.5192246501605
23.807183998518,-24.5086167362893
24.3074591710547,-24.4980088419231
24.8077333340149,-24.487400929156
25.3080063058329,-24.476792994656
25.8082803967668,-24.4661850802033
26.3085544877064,-24.4555771654338
26.8088285786543,-24.4449692502013
27.3091026696147,-24.4343613342837
27.8093767605936,-24.4237534173442
28.3096508516002,-24.4131454988719
28.8099249426487,-24.4025375780925
29.3101990337602,-24.3919296538314
29.810473124967,-24.3813217243073
30.3107472163181,-24.3707137868182
30.8110213078876,-24.3601058372646
31.3112953997883,-24.3494978694274
31.8115694028632,-24.3388898722521
32.3118492446145,-24.3282819387708
32.8121214931206,-24.3176738039822
33.3123974959146,-24.307065640428
33.8126696879202,-24.296457261054
34.3129456974048,-24.2858487280848
34.8132179098573,-24.2752397883862
35.306753295544,-24.2645083229254
35.8070446647071,-24.2538984394556
36.3090506313487,-24.243318430528
36.8138301649872,-24.2327869531234
37.3186889491437,-24.2222524639756
37.8235892528358,-24.2117144327295
38.3276657919114,-24.2011546045723
38.8282196905113,-24.190514643289
39.3286064627252,-24.1798699904214
39.8287073753275,-24.1692183543461
40.3275451609655,-24.1585381523903
40.8278847671899,-24.1478906654316
41.3282347058409,-24.1372436560709
41.8281195616302,-24.126587233426
42.3263929314942,-24.1158969203747
42.8186357003136,-24.1050777788049
43.3107483745355,-24.0942388986228
43.8027438031923,-24.0833844034897
44.2946734900184,-24.0725165318551
44.7865158928523,-24.061634423847
45.2782710798086,-24.0507350542827
45.7704699099657,-24.0398160272081
46.2679225981472,-24.0288886000602
46.7678839433587,-24.0179473653119
47.2678926880034,-24.0069843520274
47.7676709254045,-23.9959894230606
48.2623406368162,-23.9849432971492
48.7503246343648,-23.973820232363
49.2377491460037,-23.9625707855545
49.7251176346254,-23.951149097103
50.2124585563305,-23.9394829036239
50.6997489242765,-23.9274573924101
51.1870000111173,-23.9148936787764
51.6742453910154,-23.9015174193237
52.1614112558298,-23.8869139211885
52.6485651496998,-23.8704626002974
53.1356498740035,-23.8521517695943
53.6226025561631,-23.8319398194326
54.109527743717,-23.8098333004637
54.5963649029081,-23.7858568692921
55.0830768234455,-23.7599893924383
55.56971140842,-23.7322339691326
56.0562461763787,-23.7029787379605
56.5431304271633,-23.6725872962639
57.0362405772988,-23.6408863833659
57.5348531186162,-23.607983554504
58.0337065612312,-23.574150740684
58.5324652247187,-23.5391611385843
59.0253837725428,-23.5029534219712
59.5174910725744,-23.4644421940944
60.0057487500413,-23.4227031062806
60.493522614561,-23.3757369212032
60.9807573270079,-23.3235189704443
61.4674143817773,-23.2660656153699
61.9534128443686,-23.2033778323605
62.4387140342217,-23.1354662117889
62.9232607782314,-23.0623333814838
63.406994329595,-22.983997857862
63.8898422406925,-22.9004585832434
64.3717792397804,-22.8117258629232
64.8527750965804,-22.7180803816671
65.3351408986585,-22.6201096856888
65.8129402408574,-22.5193435228878
66.2886941623098,-22.4148679279502
66.7438451081866,-22.3095695635744
67.1916066637446,-22.1983481907024
67.6371120253109,-22.0783845275062
68.0809194142906,-21.9521858324934
68.5236068744143,-21.8215633988591
69.4466094970703,-23.0848083496094
69.9090423583984,-22.9205341339111
70.3681564331055,-22.7472400665283
70.8238067626953,-22.5649967193604
71.2757873535156,-22.3738670349121
71.7277984619141,-22.1756896972656
72.1856460571289,-21.9747619628906
72.6435012817383,-21.7738361358643
73.1013488769531,-21.5729084014893
73.5551910400391,-21.373743057251
73.9450302124023,-21.0685138702393
74.2984237670898,-20.7148017883301
74.638542175293,-20.3618125915527
74.9620666503906,-19.9855709075928
75.2631454467773,-19.5911464691162
75.5407791137695,-19.1798725128174
75.8003005981445,-18.746431350708
76.0429153442383,-18.3146438598633
76.2756423950195,-17.8774433135986
76.4983596801758,-17.4350566864014
76.7109375,-16.9877109527588
76.9117126464844,-16.5400772094727
77.1134262084961,-16.0825710296631
77.3129425048828,-15.630051612854
77.5146560668945,-15.1725454330444
77.7163696289062,-14.7150392532349
77.918083190918,-14.2575330734253
78.1197967529297,-13.8000268936157
78.3215103149414,-13.3425207138062
78.5232238769531,-12.8850154876709
78.7249374389648,-12.4275093078613
78.9266510009766,-11.9700031280518
79.1283645629883,-11.5124969482422
79.330078125,-11.0549907684326
79.5317916870117,-10.5974855422974
79.7335052490234,-10.1399793624878
79.9352188110352,-9.68247318267822
80.1369323730469,-9.22496700286865
80.3386459350586,-8.76746082305908
80.5403594970703,-8.30995464324951
80.742073059082,-7.85244941711426
80.9437866210938,-7.39494323730469
81.1455001831055,-6.93743705749512
81.3472137451172,-6.47993183135986
81.5489273071289,-6.02242565155029
81.7506408691406,-5.56491947174072
81.9523544311523,-5.10741424560547
82.1540679931641,-4.6499080657959
82.3557815551758,-4.19240188598633
82.5574951171875,-3.73489594459534
82.7592086791992,-3.27738976478577
82.9609222412109,-2.81988406181335
83.1626358032227,-2.36237788200378
83.3643493652344,-1.90487170219421
83.5660629272461,-1.4473659992218
83.7705307006836,-0.983600616455078
83.972541809082,-0.525436758995056
84.1793518066406,-0.0585359334945679
84.3876037597656,0.407725811004639
84.5972518920898,0.873356819152832
84.8083343505859,1.33834099769592
85.0208206176758,1.80268633365631
85.5738081819833,2.11187641447454
85.8198448629351,2.56301773109505
86.0657510348088,3.01392992413607
86.3115341395977,3.46463817572316
86.5572134643914,3.91520246651141
86.8012606802145,4.36246594444494
87.0412446565424,4.80141946215495
87.2801489779571,5.23817214926038
87.5202419714173,5.6773692222557
87.7603323435433,6.11656617814324
88.0004196304668,6.55576027337356
88.2405095693585,6.99496208574092
88.4805991637472,7.43416469471323
88.720687041519,7.8733647743324
88.9607740208956,8.31256366273283
89.2008604006555,8.75176174811019
89.4409477043488,9.19096200425688
89.6810346653984,9.63016173497056
89.9211212854249,10.0693608747006
90.1612074208179,10.5085590792994
90.40129461595,10.9477594747565
90.641378854767,11.3869537932429
90.8814671692339,11.8261564089359
91.1215565130749,12.265361029126
91.3616427798734,12.7045591696149
91.6017302629123,13.1437595325345
91.8418175603675,13.5829590991234
92.0819047329462,14.0221577750028
92.3219919008844,14.4613554758446
92.5620807904672,14.9005552388907
92.8021668900143,15.3397470567341
93.0422590022379,15.7789478195538
93.2823546741575,16.2181507509936
93.522450142164,16.6573454835786
93.7625517834226,17.0965410622611
94.0026588645679,17.53572987406
94.2427766430475,17.9749134236367
94.4829103717532,18.4140884084674
94.7230699931087,18.8532538574673
94.9632665941007,19.2924000972916
95.203516026287,19.7315104549301
95.4438565577112,20.1705887628246
95.684330309207,20.609608143861
95.9250003865964,21.0485261483631
96.1706637075528,21.4969142684086
96.4114595265,21.9341652861549
96.6468677046639,22.3586107346089
96.8812032152314,22.7780485881034
97.1170116878328,23.1962843805959
97.3550579486279,23.6130404381491
97.596313078516,24.0274327452133
97.8339024891394,24.423296210851
98.0754979854251,24.8071186754129
98.3261116359254,25.183197140319
98.5864021074179,25.5526351127365
98.8562127082463,25.9152022854496
99.1346611728247,26.2698363448703
99.4441129789337,26.6479637234686
99.7547907924454,27.0139589053607
100.059900802282,27.3571598737563
100.360531369841,27.6731547301484
100.673944902124,27.975687184704
100.999934666291,28.2646227268876
101.337898274411,28.5394222997441
101.684512792381,28.8034726737507
102.047551968491,29.0665443751027
102.449455096918,29.3466157299527
102.863120296575,29.6273526413161
103.280170530878,29.9032436834919
103.701027680729,30.1731940374357
104.125918911237,30.4345035486148
104.477431128859,30.6325845656058
104.734435077967,30.7461060927078
104.967985226813,30.7994348470061
105.294223829722,30.824399928157
105.729175745768,30.8326246687463
106.218970381932,30.8289648553289
106.706164050439,30.8162531762715
107.177669765978,30.7951671568402
107.6355476306,30.7645144412952
108.092667573048,30.7226461410688
108.549550662198,30.6731520818038
109.006990107679,30.6182383718803
109.472520078319,30.5581086898067
109.943727282666,30.4942565815443
110.439783906685,30.4228520060727
110.936684831115,30.3502423810584
111.433430728872,30.277011525475
111.930076540612,30.2033709487393
112.426859649951,30.1294112588172
112.922591555932,30.0555189232568
113.418288636459,29.9815122224004
113.914710648504,29.9072498498422
114.411070524366,29.8329489361575
114.907455722021,29.7586067598361
115.40383286017,29.6842434711231
115.900210086447,29.6098651592035
116.396579701676,29.5354790790659
116.891891304061,29.4613416997695
117.395558552433,29.3851904377617
117.899064527092,29.3091070062587
118.403182296542,29.2328824587701
118.907960933892,29.1564941753435
119.413442812518,29.0799227924123
119.919672299087,29.0031493037274
120.426669972061,28.9261617679606
120.934485931011,28.8489402992527
121.44316218128,28.7714676787397
121.952738232671,28.69372791016
122.463235031275,28.6157114317885
122.974705613004,28.5374001541134
123.487189101295,28.4587826827179
124.000740832125,28.3798461135415
124.515364647126,28.3006004890047
125.028920969097,28.2217881537869
125.532800922249,28.1463911560475
126.036267055941,28.0711557768341
126.539728829957,27.9959352170902
127.043201348016,27.9207232904576
127.546677146953,27.8455239111242
128.05015907259,27.7703397960167
128.551172812116,27.6960452573848
129.038480216015,27.6265915879815
129.523512654568,27.5580588520062
130.00417961986,27.4910548663489
130.481967585847,27.4251182641945
130.957330795617,27.360124207207
131.430750829071,27.295996883164
131.902713265558,27.2327326044124
132.37372321894,27.1704222606353
132.849297543478,27.1083700046032
133.340283687519,27.0451996764803
133.818697261954,26.9851574129638
134.297659080811,26.9274537736501
134.776923327967,26.8723308267477
135.256463562961,26.8198105362032
135.736292274363,26.7698790651473
136.216414142968,26.7225334777123
136.696674375058,26.6770734071676
137.1772012807,26.6330062289118
137.663009121584,26.5896465877787
138.15997325624,26.5464398443803
138.65820886173,26.5043051292697
139.156547271811,26.463664379542
139.655066085395,26.4251038920175
140.146086717113,26.3902065413368
140.611828363949,26.3619111948032
141.065773951044,26.3416207515218
141.519323981207,26.3267958140296
141.97444916374,26.3160060654502
142.432154391808,26.3085058039732
142.893340662348,26.3040964455901
143.359015133067,26.3030753366331
143.829991109605,26.30620415523
144.307822652022,26.3149430355513
144.795679805376,26.3318285902023
145.301365611592,26.3615555530136
145.809049610211,26.4036692824995
146.312056893184,26.462390109191
146.782245942308,26.5390325961126
147.136316437463,26.6241154094554
147.500320254531,26.7851543868089
147.932448915334,27.0589031644414
148.348004513118,27.3495053053296
148.750280541123,27.6535795564413
149.140263822998,27.9701583073607
149.516735528027,28.3004448435652
149.876128775806,28.6480972520065
150.21747843226,29.0253663772429
150.460228093436,29.3745116196019
150.636274269582,29.7471323999179
150.783843050462,30.2295094276944
150.901305655794,30.7168696750472
150.998643612725,31.2075609736476
151.082287352836,31.7005208785564
151.156239206328,32.1950179613822
151.224425694746,32.700467075796
151.285417152443,33.2017411155097
151.339752895742,33.7036426265703
151.386091965353,34.206232031234
151.421679932496,34.7096740465664
151.441857868071,35.2142247721419
151.439906765301,35.7262584155513
151.40215609211,36.2230644250656
151.298179992535,36.5673843334139
151.103571129045,36.8770987644417
150.779421850258,37.2592181038742
150.422496133021,37.6174546878122
150.044238548198,37.9596208212997
149.659717481179,38.2806309409564
149.287805159291,38.5649879875615
148.922846347211,38.8253604325164
148.559241480548,39.0715292747659
148.196199331317,39.3062169124241
147.826332829642,39.535905996387
147.423002745254,39.7796881698483
146.994569481865,40.0324621775604
146.595977103649,40.2596408051365
146.249228019326,40.445263079115
145.88927970118,40.6193225304827
145.461749016762,40.8042465840689
144.99887297551,40.9939807273805
144.531005539508,41.1821773527727
144.062685950139,41.3686310188369
143.594076108582,41.5539341182992
143.125269723214,41.7384803682884
142.656332046593,41.9225283222058
142.187312003582,42.1062468391267
141.718237785401,42.2897482365658
141.249125966583,42.473107045787
140.77998788574,42.6563722754543
140.310836124341,42.8395749084297
139.841673637944,43.0227367361221
139.372502821524,43.2058720063776
138.903328147032,43.3889893680827
138.434150524853,43.5720950507856
137.964971583103,43.7551929046145
137.49579081212,43.9382858881127
137.026609044004,44.1213756721934
136.557425937648,44.3044636196804
136.088244036109,44.4875499666694
135.619062307272,44.6706356411079
135.149879531638,44.853721508294
134.680695190341,45.0368082398003
134.211513491002,45.2198953728891
133.74233343719,45.4029839741953
133.273149896704,45.5860765079419
132.803970523677,45.7691726850866
132.334794732292,45.9522751681807
131.865619056221,46.1353886360834
131.396447512378,46.3185177865049
130.927297250394,46.5016668941664
130.458140965462,46.6848561564194
129.988995073979,46.8681013371541
129.519875179168,47.0514287491501
129.050791194032,47.2348818602203
128.582728443187,47.4182770549975
128.136195985959,47.5964448829447
127.705073127303,47.7711465713778
127.27908569656,47.9453792409775
126.855169641467,48.1202221730139
126.433011679792,48.2961084378956
126.012471498257,48.4737020937517
125.593636525046,48.6539897041886
125.176879885319,48.8384392171588
124.76303026885,49.0292156953364
124.35306589736,49.228273409732
123.946364579806,49.4334993757763
123.515319925674,49.6577383509756
123.078859889836,49.8901245298832
122.639886955028,50.1295452537653
122.203945707833,50.3744113941499
121.790108357423,50.6168612487858
121.463411364421,50.8251881893838
121.258428934268,50.9880211111141
121.076891857887,51.1930125408115
120.902770068762,51.4603741761462
120.702244510671,51.8300359295011
120.481519725207,52.2755861324288
120.268307875892,52.7279791864013
120.062952280748,53.1838780926892
119.865894138562,53.6434609120675
119.686484063423,54.0908205828872
119.562453440365,54.4510992062627
119.495191301274,54.7413773927503
119.478489594962,55.0177242226402
119.514382892396,55.3374307858503
119.595373170643,55.7511945102113
119.705244701468,56.2184108132301
119.820413033818,56.6504984735541
119.948244747317,57.0780456999049
120.090110023636,57.5011085679349
120.246963955415,57.9188903030002
120.418583905797,58.3308049898037
120.604760601377,58.7363217740859
120.805275875461,59.1349569316525
121.01987352017,59.5262163649798
121.248255667663,59.9095761676487
121.490145924958,60.2845423431563
121.745248011537,60.6506626060214
122.015436799439,61.0169799488719
122.321726630063,61.416673731373
122.639582698514,61.8213696765699
122.949087508131,62.2068432590028
123.257661746304,62.5819966436359
123.553444541089,62.9298681611799
123.856991343275,63.2708514423405
124.169363248983,63.6037789916381
124.49034603312,63.9284198267119
124.819103336675,64.2452186440788
125.154035411239,64.5515174814486
125.484086283657,64.8329457660561
125.799559639027,65.0727071787015
126.126377147042,65.2882725864037
126.466794294839,65.4816780550297
126.819307855177,65.6520744375511
127.182335765698,65.7986981212469
127.554316499272,65.920912787252
127.933572861002,66.0181822335365
128.322597884169,66.0907000729278
128.726531880649,66.1408686285145
129.165701339523,66.1724395195734
129.603968361714,66.1803430679101
130.042036454922,66.1647588149725
130.478663258102,66.1257455835493
130.912554191721,66.0633996985475
131.342464439726,65.9779138460732
131.785657014366,65.8698166892828
132.252061117134,65.7428043501746
132.728993496296,65.6044791554906
133.189195100865,65.4651768904656
133.645153837895,65.3226653725653
134.099939931193,65.1767328940442
134.55363737717,65.0274251081389
135.005973363864,64.8742453635568
135.456743449839,64.7163302117866
135.905836955365,64.5537342409548
136.35316928622,64.3864665911527
136.798751178628,64.2145216551229
137.242560164547,64.0380169250065
137.686494302826,63.8578660968867
138.148896828453,63.6677268654325
138.610354160905,63.4765167560572
139.071938518913,63.2842854160033
139.533289491508,63.0915143457407
139.994487446059,62.8983871110122
140.455580898248,62.7050264946927
140.916601348618,62.5115135228135
141.377597512276,62.3178897021949
141.838565105436,62.1241974936518
142.29950861227,61.9304615056565
142.760430823311,61.7366975695247
143.221338744553,61.5429132541881
143.682260406686,61.3491026508891
144.143167450274,61.1552799730851
144.604062838811,60.9614430650757
145.064947941078,60.7675870867527
145.525820283274,60.5737047060423
145.986692535611,60.3797766345683
146.447532474148,60.1857944173744
146.90833607307,59.9917258042987
147.369076685568,59.7975301348736
147.829729347707,59.6031389619769
148.290272302384,59.4084414784521
148.750622270055,59.2132905744479
149.210685846326,59.0174490763952
149.668342059882,58.8213895404475
150.131067268471,58.6213305736038
150.568561937338,58.4291153365717
151.004241546053,58.2329445050413
151.43771050609,58.0319049669397
151.868867733558,57.8260290346817
152.297719435741,57.6153326664177
152.724134196465,57.3998553026558
153.148137778699,57.1795948334128
153.569667794324,56.9546019550612
153.988606682028,56.7249091065706
154.404982841647,56.4905234742224
154.818690590105,56.2514946191467
155.229710474294,56.0078441596501
155.637959601741,55.7596052243762
156.043412230254,55.5068111242261
156.445975859418,55.2494913308857
156.845671685494,54.98766229313
157.242380908824,54.7213900770795
157.63607441323,54.4506841740892
158.026743865684,54.1755667071126
158.414782014374,53.8967761750941
158.80278897353,53.6133824993305
159.202865836998,53.3167069959907
159.599707920746,53.0177076477691
159.979714700241,52.7252257076806
160.357757994181,52.4255616267024
160.728221806328,52.1193199848553
161.091653643361,51.804831417548
161.447889195602,51.4822049179955
161.796797516517,51.1516159134749
162.138136239942,50.8132489197218
162.471767812453,50.4672690464976
162.79748883813,50.1138652186023
163.115169281095,49.7531832613921
163.424645631841,49.3854226805307
163.725739176524,49.0107916518479
164.018295411524,48.6294616972587
164.302170633657,48.2416483255688
164.577200463347,47.8475193366962
164.843318863944,47.4472444591651
165.102201414605,47.0400341937595
165.352900108351,46.6316398813858
165.602645010427,46.2120552392844
165.834572083688,45.8090417293895
166.054611532996,45.4094255098322
166.264676422762,45.0045061828957
166.464674683589,44.5945016172162
166.654452462973,44.1797111481244
166.833903084933,43.7603168151479
167.002964539548,43.3365854161454
167.161456884354,42.908877022115
167.309309255478,42.4773432060091
167.44648271428,42.0422238985845
167.572840262602,41.6039188240467
167.688290607191,41.1626201022544
167.792819730812,40.7185375146212
167.886330957171,40.2720618988516
167.969528859734,39.8188968687904
168.046729834273,39.3518077816666
168.118517009954,38.879276274902
168.184967100088,38.4059986037405
168.245903335295,37.9319725348009
168.301268095172,37.4572128136583
168.351065736506,36.9818846325051
168.395238746097,36.506031813923
168.433825755309,36.0296205421528
168.466818537375,35.5528326874939
168.494188938147,35.0756869630916
168.515954509272,34.5982235063858
168.532127334521,34.1205741924983
168.543079091063,33.6427710542388
168.548325300605,33.165682230937
168.546430953662,32.6868683277936
168.534602551642,32.2292526132744
168.511122806039,31.7734919642576
168.476014557432,31.3184477064585
168.429294361324,30.8644703889003
168.370988562539,30.4118267591189
168.301143866783,29.9608461252963
168.219779842994,29.5117763579898
168.126981918472,29.0649082933692
168.022806654991,28.6206015303749
167.907295604404,28.1790914538427
167.780552951593,27.7406792502534
167.64262764255,27.3056283598601
167.493656634493,26.8742550880243
167.333794618871,26.4467056351042
167.156241016284,25.9949195378731
166.970549862546,25.536637712846
166.779584592874,25.0755546982187
166.584851469502,24.6138347318206
166.395460344403,24.1735801002496
166.202792871905,23.7361266210116
166.005254699759,23.3008886741585
165.802477834213,22.8680158419103
165.594515978839,22.4375909128723
165.381428223067,22.0097367461204
165.16319513724,21.5844788590187
164.940208858974,21.1616755552458
164.712511952707,20.7413429576904
164.480056553957,20.3253131693237
164.239272546133,19.9113150473804
163.997495318873,19.5191941401023
163.744581850604,19.1373168157813
163.479447985819,18.7637938903027
163.202370578329,18.3990246581006
162.913658845822,18.0433971732968
162.613609670438,17.6972903107053
162.302528366339,17.3610521318507
161.980761478674,17.0350504435462
161.648624020986,16.7196193505189
161.306471056161,16.4150894756506
160.949733041205,16.1150259412342
160.567207185384,15.8060423121363
160.191373894385,15.5125169922887
159.805265917661,15.2212976106514
159.415655132334,14.9394575406673
159.019512177692,14.6668464286237
158.617101070317,14.4036349098706
158.208581256081,14.1499507503294
157.794227184525,13.9059348331779
157.374256359565,13.6717369651086
156.948894975904,13.4474735527241
156.518373993538,13.2332731376044
156.082932908506,13.0292497910825
155.642809768323,12.8355196639943
155.198270864913,12.652191597184
154.746044342661,12.4754531702696
154.280262211176,12.2998459356945
153.811736004851,12.1272670761676
153.341814827836,11.9568732943591
152.871296265198,11.7880956582029
152.399055127752,11.6199886653669
151.927013866185,11.4529409566613
151.454684692493,11.2866479802405
150.982107013447,11.1211442128205
150.509183096181,10.9565696026646
150.035808756351,10.7932392650736
149.56198466727,10.6313043149745
149.087695599036,10.4707612675694
148.612956688279,10.3116163164897
148.137728496135,10.1538691501734
147.662003897268,9.9974897123152
147.185853116392,9.84250889855774
146.709271787624,9.68893741717479
146.232198474644,9.53674924146063
145.754747452517,9.38597010625613
145.276809359892,9.23658733600927
144.798430063537,9.08860290861518
144.319629966183,8.94202096115312
143.840402250924,8.79643935408443
143.360924301522,8.65152706364522
142.882663140277,8.50747079919992
142.403824669218,8.36356671265032
141.92491349681,8.21985560075694
141.445975727471,8.07627868192124
140.967000665793,7.93278495762793
140.488016338432,7.78935134111902
140.009030348715,7.6459593958495
139.530015986326,7.50258750894593
139.051006601867,7.35923670330445
138.572004937981,7.2159019197562
138.092980034067,7.07257003980052
137.613967384932,6.92924915542722
137.134937600248,6.78592882323902
136.655923175888,6.64261768731495
136.176892627589,6.4993056292781
135.697867301031,6.35599858149252
135.21885625781,6.21269896340757
134.739823080221,6.06939569465267
134.260795287798,5.92609688989226
133.781781882154,5.78280516895232
133.302746406744,5.63950958143154
132.823723931059,5.49622059191807
132.344686971862,5.35292996445428
131.865661709154,5.20964552360917
131.386624321905,5.06636014126107
130.907592888923,4.92307922649471
130.428571679,4.77980405935636
129.949532076107,4.63652608373595
129.470498423681,4.49325258704677
128.991470033145,4.34998336940698
128.51244742672,4.20671859394501
128.033402230278,4.06344977999407
127.554368466183,3.92018711320782
127.07533452462,3.77692712953675
126.59629564792,3.63366841577374
126.117255752186,3.49041215479667
125.638212223539,3.34715757798128
125.159177149611,3.20390831717689
124.680138877094,3.06066090576084
124.201095383762,2.91741476291642
123.722048494262,2.77417046539929
123.243011730714,2.63093209918891
122.763968977257,2.48769489868431
122.284923434973,2.34445989836991
121.805876636472,2.20122766587494
121.326827687126,2.05799809134907
120.84777633543,1.91477133101629
120.36873346779,1.77155098457377
119.889685462684,1.62833348948292
119.410632971547,1.48511980962199
118.931578353065,1.34191180959777
118.452519038297,1.19871047257218
117.97346698434,1.05552202747409
117.494406362022,0.912345758476064
117.015336816978,0.769187655044079
116.536259667559,0.626057358749434
116.057167005878,0.48296653415894
115.578066461958,0.339938749866529
115.098935297416,0.196999492233582
114.619959124834,0.0542532474731799
114.140502575117,-0.0884158601346839
113.660639573851,-0.230873604600161
113.180860977371,-0.3728053355462
112.700831744899,-0.514065867662378
112.220599353274,-0.654637247973382
111.740194407663,-0.794471992641075
111.259533670959,-0.933617846743285
110.778713978951,-1.07205065595878
110.297700244256,-1.20974968939538
109.816442304747,-1.34675731089746
109.334975888252,-1.48306345949347
108.853315275597,-1.61866639765386
108.371478143025,-1.75355639234673
107.889455618459,-1.88771470680376
107.407192215253,-2.02118061590077
106.92477023225,-2.1539324902858
106.442141616006,-2.28595505150981
105.959302241892,-2.41728424306203
105.476255891212,-2.54790967456437
104.993050622828,-2.67782434131221
104.509711683352,-2.80699304650137
104.026082795377,-2.93545503937754
103.542258501474,-3.06324141127508
103.058306615145,-3.19028611552993
102.574175254829,-3.31662537209407
102.089882932311,-3.44243478216881
101.605506452871,-3.56788887877975
101.121027662838,-3.69312083625405
100.636536998976,-3.81819225743509
100.151825060386,-3.94321254877452
99.6675552562792,-4.06805064449993
99.183492168087,-4.19278994911583
98.6992996453327,-4.3175309935152
98.2150940041454,-4.44225501028281
97.7308883605914,-4.56696562537167
97.2466846470891,-4.69166692173834
96.7624708111402,-4.81636494940941
96.2782621340087,-4.94105785860717
95.7940568598672,-5.06574741764415
95.3098413733687,-5.1904379434315
94.8256268939698,-5.31512722362381
94.3302508249884,-5.44262487648352
93.8460375461744,-5.5673129357511
93.3618253537399,-5.69200056890147
92.8776066094138,-5.81668988127253
92.746467590332,-7.34777116775513
92.2609710693359,-7.46972370147705
91.7760467529297,-7.591552734375
91.2924728393555,-7.71308040618896
90.8120346069336,-7.83429431915283
90.3317413330078,-7.95614433288574
89.8516082763672,-8.07862854003906
89.3716430664062,-8.2017183303833
88.8918304443359,-8.32541275024414
88.4083709716797,-8.45047664642334
87.9233474731445,-8.5759449005127
87.4392776489258,-8.7011661529541
86.9552154541016,-8.82638740539551
86.4711532592773,-8.95161056518555
85.9870834350586,-9.07683181762695
85.5030212402344,-9.20205307006836
85.0189514160156,-9.32727432250977
84.5348892211914,-9.45249557495117
84.0508193969727,-9.57771682739258
83.5667572021484,-9.70293807983398
83.0826873779297,-9.82815933227539
82.5986251831055,-9.9533805847168
82.1145553588867,-10.0786037445068
81.6304931640625,-10.2038249969482
81.1464233398438,-10.3290462493896
80.6623611450195,-10.4542675018311
80.1782989501953,-10.5794887542725
79.6942291259766,-10.7047100067139
79.2101669311523,-10.8299312591553
78.7261810302734,-10.9551334381104
78.2438812255859,-11.0801820755005
77.7617034912109,-11.2057180404663
77.279655456543,-11.3317089080811
76.797721862793,-11.4582176208496
76.3159332275391,-11.5851831436157
75.8342590332031,-11.712664604187
75.3527069091797,-11.8406038284302
74.8712997436523,-11.9690275192261
74.3897247314453,-12.0979909896851
73.9067916870117,-12.2275075912476
73.4238586425781,-12.3570222854614
72.94091796875,-12.4865369796753
72.4456405639648,-12.6175918579102
71.9487380981445,-12.7451314926147
71.4509124755859,-12.8689842224121
70.9521789550781,-12.9891271591187
70.4525527954102,-13.1055669784546
69.9520797729492,-13.2182807922363
69.4507904052734,-13.3272762298584
68.9486923217773,-13.432544708252
68.4458389282227,-13.5340738296509
67.9422302246094,-13.6318674087524
67.4379196166992,-13.7259111404419
66.9329223632812,-13.8161973953247
66.4272613525391,-13.902735710144
65.9209823608398,-13.9855155944824
65.4140930175781,-14.0645217895508
64.9149627685547,-14.1393051147461
64.4204330444336,-14.2131423950195
63.9259185791016,-14.286979675293
63.2107347748424,-12.8829512370297
62.7160786284318,-12.9558460821282
62.2226795946197,-13.027608713354
61.7252344288928,-13.0987176190433
61.2281981372967,-13.1679824272018
60.7309792284706,-13.2346250248167
60.2333242725617,-13.2979459583521
59.7352593716052,-13.3579604337526
59.2368127617422,-13.4146508606295
58.7379929435942,-13.4680202154609
58.2388304919491,-13.5180685005529
57.7393539383607,-13.5647912732061
57.239575238291,-13.6081786539178
56.7395048480334,-13.6482456814614
56.2391933581609,-13.6849798418818
55.7386397156661,-13.7183785336381
55.2356878370815,-13.7495921743539
54.7387040260234,-13.7789087502217
54.2320126201435,-13.807742375367
53.732968315441,-13.8354651472813
53.2320734545738,-13.8628417196762
52.7307814940829,-13.8899421873781
52.2295108139114,-13.9168423263462
51.728236401876,-13.943608631168
51.2267264285016,-13.9702974318369
50.7266673810625,-13.9968503270992
50.2251988728507,-14.023434334546
49.7239074533729,-14.0499834421659
49.222611476059,-14.0765157429456
48.7212525971941,-14.1030404084992
48.2204917419356,-14.1295302722057
47.7213108325322,-14.1559419312081
47.2271540583328,-14.182116855405
46.7278427974263,-14.2085269610837
46.228529588312,-14.2349332556701
45.7292185999089,-14.2613345867583
45.229903711096,-14.2877294259385
44.7305879025162,-14.314114649306
44.2312740621369,-14.3404854355267
43.7319581978012,-14.3668347524247
43.2326438520908,-14.3931514151813
42.7376917014256,-14.4192166301881
42.2384721085951,-14.4454047131296
41.7275951489248,-14.4720192734604
41.2151180140159,-14.4984987766425
40.702601287025,-14.5246924922729
40.1899604602288,-14.5504954294984
39.6831919903739,-14.5753400215012
39.1810088105216,-14.5990744447842
38.6848127945029,-14.6212156483968
38.1886410795169,-14.6415499196493
37.6924113073648,-14.6592240778857
37.1955508033289,-14.6729368500451
36.7044081444562,-14.6823162138173
36.2108977855601,-14.6888122807717
35.7240283032036,-14.6930846868117
35.2235470524067,-14.6958093682907
34.7243395389728,-14.6975407585397
34.2243338513292,-14.6986123281285
33.7243305337787,-14.6992507544204
33.2243280924606,-14.699603725728
32.7243196251013,-14.6997685490816
32.224318217928,-14.6998094058762
31.7243179561392,-14.6997685451909
31.2243131585153,-14.6996738036722
30.7243122890452,-14.6995435650407
30.2243067616608,-14.6993898993205
29.7243060161866,-14.6992208093962
29.2243061918195,-14.6990415374576
28.7243035932281,-14.698855534928
28.2243029071699,-14.6986650995503
27.7242975112895,-14.6984717149629
27.2242949512144,-14.6982763974005
26.7242970851061,-14.6980798070355
26.2242945052259,-14.6978823453516
25.7242919450416,-14.6976843122562
25.2242884949189,-14.6974858928651
24.7242859366177,-14.697287217115
24.224288064341,-14.697088379318
23.7242854893424,-14.6968894039346
23.2242829324036,-14.6966903422338
22.7242794978846,-14.6964912154567
22.2242769323018,-14.6962920453173
21.7242771493429,-14.6960928487944
21.2242764913899,-14.6958936215797
20.7242711517997,-14.6956943565759
20.2242686042497,-14.6954950812079
19.7242707093656,-14.6952958039411
19.2242681355043,-14.6950964967947
18.7242655793164,-14.6948971761675
18.2242621694756,-14.6946978403429
17.7242596045274,-14.6944984956018
17.2242597979627,-14.6942991487592
16.7242591404338,-14.6940997888765
16.2242565756071,-14.693900413096
15.7242531880209,-14.6937010253429
15.2242525305934,-14.6935016373854
14.7242526976872,-14.6933022435133
14.2242510866413,-14.6931028357567
13.724248521956,-14.6929034170729
13.2242441897849,-14.6927039851551
12.7242425832198,-14.6925045546361
12.2242427414685,-14.692305122699
11.7242411348834,-14.6921056782932
11.2242395196322,-14.6919062272397
10.7242342428896,-14.6917067580476
10.2242326451127,-14.6915072943509
9.72423373946341,-14.6913078331642
9.22423117497031,-14.6911083543521
8.72422956847826,-14.6909088728307
8.22422525020303,-14.6907093770192
7.72422174086521,-14.6905098783198
7.22422283275664,-14.6903103890027
6.7242207451811,-14.690110884371
6.22421913445371,-14.6899113763044
5.72421436139076,-14.689711853391
5.22421275945444,-14.6895123361485
4.72421335264931,-14.6893128218235
4.22421126728562,-14.6891132953385
3.72420965662151,-14.6889137674755
3.22420489588219,-14.6887142276561
2.72420305557196,-14.6885146967653
2.22420363866062,-14.6883151754225
1.72420202904634,-14.6881156521795
1.22420017752513,-14.6879161382409
0.724195371146724,-14.6877166324265
0.22419345738897,-14.6875171647532
-0.275805750820488,-14.6873177517769
-0.775807689813137,-14.6871184021153
-1.27581063906162,-14.6869191606704
-1.76949546812772,-14.6867402877619
-2.26949922149421,-14.6865414926521
-2.76950106392792,-14.6863431216256
-3.26950176876268,-14.6861453989384
-3.76963841890052,-14.6859482277619
-4.26721344145715,-14.6857607444569
-4.76533584194115,-14.6855755822256
-5.26555004351658,-14.6853893268373
-5.76554709957593,-14.6852046388682
-6.26555037100524,-14.6850210386286
-6.76562858898123,-14.6848384462812
-7.26438727450193,-14.6846589232303
-7.76227175590129,-14.6844824350604
-8.26021404964522,-14.6843089942456
-8.76041854215393,-14.6841394568977
-9.26041931814596,-14.6839706065075
-9.76042180262373,-14.6838022916774
-10.25164496138,-14.6836246857563
-10.7516421157881,-14.683456691684
-11.2516428881438,-14.6832885531427
-11.7516361688014,-14.6831200111601
-12.2517875706479,-14.6829509296826
-12.7511937604808,-14.6827798914569
-13.2508833344408,-14.6826080094242
-13.7505348963956,-14.6824331290196
-14.2501477615805,-14.6822536362564
-14.7497685102806,-14.682067334873
-15.2494334048471,-14.681870766229
-15.7491542903252,-14.6816584599038
-16.248798820086,-14.6814210547448
-16.7484472598671,-14.6811466310503
-17.2481978180262,-14.6808168967785
-17.7479191560323,-14.680401269035
-18.2475038421369,-14.6798543354559
-18.7475104033641,-14.6791159802768
-19.2476079247181,-14.6780796115264
-19.7476734863987,-14.6765886595022
-20.2477502577085,-14.6744086763474
-20.7478414104393,-14.6711830501561
-21.2418258816971,-14.6662871310796
-21.7275023519132,-14.6588696353117
-22.2074284909245,-14.647693461319
-22.6869974217904,-14.6308418145825
-23.1661846951264,-14.6055230855928
-23.6447867524371,-14.570894491993
-24.1226237118782,-14.5269654153727
-24.5995160301289,-14.4737570772793
-25.0756311789255,-14.4137471622879
-25.5513037317377,-14.3492271342494
-26.0269005618284,-14.2816769987833
-26.5028017696848,-14.2120377572855
-26.9793877435734,-14.1408914224558
-27.4570379496759,-14.0685785561737
-27.9361182594557,-13.9952784872467
-28.4169928995985,-13.9210578196833
-28.9000201162061,-13.8459054667427
-29.3855394856674,-13.76975896636
-29.8738943327617,-13.6925133079227
-30.3654172348694,-13.6140362087039
-30.8604435580702,-13.5341715400839
-31.359294600742,-13.4527520982659
-31.8623076904077,-13.3695946034661
-32.3698068287334,-13.2845191027906
-32.8822377740616,-13.1973003021914
-33.3946887453327,-13.1102053477167
-33.9093947179099,-13.0220634804363
-34.4247376100124,-12.9336448587543
-34.9400831156202,-12.8452316866209
-35.455417371084,-12.7567947025969
-35.9707188900172,-12.6683032840069
-36.4859720174809,-12.5797113521845
-36.9960669681101,-12.4935178723814
-37.4642879520498,-12.4281135020584
-37.8986830778308,-12.3797131258294
-38.3143514566657,-12.3417891615708
-38.7198226082333,-12.3108062987596
-39.1193537605242,-12.2850955857506
-39.5173628135376,-12.2637100081391
-39.9182962275942,-12.2464396912054
-40.3266543875627,-12.2338031064175
-40.7469222414975,-12.2270321895815
-41.1835379586717,-12.2280438508274
-41.6409134088065,-12.2394016879192
-42.1234731661995,-12.2642540003352
-42.6428339239783,-12.3093272763114
-43.1907921155513,-12.3707502007483
-43.7344345032356,-12.428967749145
-44.2630989303621,-12.4783627617982
-44.7777046552585,-12.5199824511869
-45.2793436232392,-12.5548984775853
-45.7691194520016,-12.5840959038312
-46.2481713776343,-12.6084639758123
-46.7176574584179,-12.6287714228706
-47.1787673296513,-12.645651789329
-47.6327030310438,-12.6595728295695
-48.0806861467721,-12.6708039584872
-48.5239383708496,-12.6793607489043
-48.963625143544,-12.6849185582375
-49.400865595748,-12.6866985252172
-49.8366023358921,-12.6832777233017
-50.2715177397035,-12.6723156968204
-50.7058419890928,-12.6501383824512
-51.1389561801419,-12.6111166854709
-51.5701880693112,-12.5549749808784
-52.0016305157761,-12.485765238298
-52.4548198907002,-12.403612621103
-52.9394353446221,-12.3093368995061
-53.430029242131,-12.2102903006356
-53.9230581775741,-12.1084433917544
-54.4149130107757,-12.0053823703832
-54.9067363751508,-11.901342213669
-55.3986630174379,-11.7966233782328
-55.8907963990896,-11.6914187439386
-56.3832272581139,-11.585847994654
-56.8760216743608,-11.4799865149872
-57.3692592519231,-11.3738721460748
-57.8630140284911,-11.267521591359
-58.357348522275,-11.1609395861384
-58.8523334276529,-11.0541180468567
-59.3480158766202,-10.9470490165862
-59.8444799709736,-10.8397080139961
-60.3417674468716,-10.7320809915387
-60.839952284732,-10.6241410670822
-61.3390843358942,-10.515868520303
-61.8392319369866,-10.4072370850058
-62.3404480221264,-10.2982271854719
-62.8428032481369,-10.1888154719258
-63.3463613038049,-10.0789863031458
-63.8514180169949,-9.96864267471134
-64.350500433316,-9.86078096346157
-64.8445266626083,-9.75500923534017
-65.3372803902528,-9.64979013690041
-65.827638165245,-9.5454909683291
-66.3158735871455,-9.44197721393461
-66.8023184367901,-9.33910399738988
-67.2872775644073,-9.23674587664395
-67.7710481285706,-9.13479103783368
-68.2539499749512,-9.03313290236725
-68.7362937048656,-8.93167923379222
-69.2184146376479,-8.83034377431033
-69.7006151036299,-8.7290597031394
-70.1832367138223,-8.62776407508291
-70.6665871021679,-8.52641211458912
-71.1510058628839,-8.42496530803842
-71.6368277490428,-8.32339718020889
-72.1243818838079,-8.22169278397448
-72.6139909647944,-8.11984789888906
-73.1059959429766,-8.01786548421703
-73.6007235600539,-7.91575671154933
-74.0983386507352,-7.81354634135266
-74.606450089725,-7.71098156141618
-75.1067835066241,-7.60828732422575
-75.60605650087,-7.50542706787117
-76.1053273871836,-7.40237416244084
-76.6046057325685,-7.29907549693116
-77.1038731155277,-7.19543480104298
-77.6017310554419,-7.09130532588462
-78.0771372814387,-6.98659311043607
-78.5056621918928,-6.88109653816246
-78.9173372887998,-6.77257009922437
-79.3222375679762,-6.65958093942889
-79.721777280826,-6.54092001358104
-80.1167663064823,-6.41431162836215
-80.5070143466032,-6.27612701857182
-80.8906393354635,-6.12096014946872
-81.2650705028539,-5.94475796854448
-81.6291434118229,-5.74805867207936
-81.9817666550419,-5.53146574253549
-82.3218248522188,-5.29565361953091
-82.6482728260804,-5.04135426975929
-82.9601132771655,-4.76932668013395
-83.256413981686,-4.48042178732434
-83.5362053009605,-4.17553998289539
-83.7986859937281,-3.85559134221432
-84.0429946738576,-3.52161044465222
-84.2683990062201,-3.1745741343728
-84.4742392578721,-2.81555293182769
-84.6631950848566,-2.44726967089237
-84.8408021645169,-2.0726187609839
-85.0110025553841,-1.69249592226231
-85.1765556526363,-1.30652144894924
-85.339305609295,-0.91356407995681
-85.5004104494327,-0.511949713664975
-85.6604914747818,-0.0996027826729788
-85.8197096332637,0.325711945896315
-85.9778462112557,0.766347817211624
-86.1343649345773,1.22477371014274
-86.2884641597684,1.7035343840285
-86.4391333696302,2.20525335789324
-86.5851717226278,2.73309188899309
-86.7288765597466,3.27013290340364
-86.8704787552489,3.80852809029807
-87.0227675347819,4.2852306454267
-87.180726034351,4.73065760830246
-87.3425981390017,5.14961959995176
-87.5071753711705,5.54617944525554
-87.6738725375761,5.92417051677982
-87.8428180247576,6.28709458909287
-88.0149699418943,6.63804163815369
-88.192225798166,6.97935939137292
-88.3775770965854,7.31224004491558
-88.5753453338827,7.63616438003162
-88.7913998462822,7.94783443002478
-89.0303552627235,8.24228204859192
-89.2908570408917,8.51782279911503
-89.5714469019892,8.77291241053266
-89.8705035891097,9.00608819768223
-90.1863154358096,9.21600963301594
-90.517067110803,9.40147420065508
-90.8608805279862,9.56142374718414
-91.2158194644254,9.69495542875611
-91.5782644578639,9.80743370260783
-91.9466289594036,9.90397964845935
-92.3376257710323,9.99124330877486
-92.7905768649011,10.0774482152461
-93.2841940868507,10.1629566876292
-93.7791720967849,10.2459866200297
-94.2742947061616,10.3273235166108
-94.7694966249968,10.407543459608
-95.2647554787607,10.4870277180258
-95.760061132987,10.5660279083557
-96.2553845670588,10.6447080681551
-96.7507302859534,10.7231781717482
-97.2460819843338,10.801509160261
-97.7414417235238,10.879748799568
-98.2368119378098,10.9579286520793
-98.7321864401409,11.0360688983514
-99.2275553912773,11.1141823795812
-99.7229251662444,11.192278578875
-100.218293872192,11.2703632616176
-100.71367221926,11.3484411764923
-101.209053361583,11.4265143489364
-101.704425711259,11.5045835518452
-102.199797420361,11.5826505480913
-102.695177228481,11.6607167667661
-103.190549528856,11.738781453262
-103.685928475958,11.8168460507161
-104.181301068859,11.8949097373914
-104.6766740923,11.9729731907278
-105.172054089985,12.0510370218226
-105.667426515179,12.1291001362199
-106.162806527919,12.2071637776979
-106.658179135791,12.2852267827491
-107.153550928982,12.3632896928869
-107.648930871997,12.4413532328055
-108.144303709358,12.519416201223
-108.639683730154,12.5974797412347
-109.135056225249,12.6755426938067
-109.630428605323,12.7536056579154
-110.125808620939,12.8316692631714
-110.621181091616,12.9097323247068
-111.116561018822,12.9877960637508
-111.611933257676,13.0658593231706
-112.107305714063,13.1439227990146
-112.602685668658,13.2219871728351
-113.098058005393,13.3000514013733
-113.593437868695,13.3781169250368
-114.088810620195,13.4561829426839
-114.584190195925,13.5342511086906
-115.079561226247,13.6123210342342
-115.574933035632,13.6903947212977
-116.070311761444,13.7684745716964
-116.565682233477,13.846562286241
-117.061059267094,13.9246634499171
-117.556427898642,14.0027835648033
-118.051793715306,14.080933226688
-118.54716214858,14.1591282726084
-119.042518730641,14.2373909319887
-119.537874686419,14.3157575719921
-120.033210605247,14.3942804857182
-120.528535204864,14.4730420580051
-121.023824621961,14.5521643616788
-121.51936722408,14.6318584109551
-122.037939928042,14.7142180472237
-122.554442492224,14.7977014642637
-123.079108792116,14.8833940419987
-123.607522012255,14.9721072463463
-124.110444668163,15.0649344512694
-124.52904542941,15.1642049434779
-124.933214912278,15.2704710430201
-125.320598340103,15.3830639873581
-125.706762146974,15.5048636874618
-126.130750884967,15.6451917090062
-126.589552755501,15.8016916579879
-127.061454737145,15.9663933280999
-127.529891591558,16.1337732104433
-127.979262356534,16.2993358948307
-128.406795778027,16.4640379915251
-128.829109202936,16.6373060091452
-129.246724962543,16.8209225558888
-129.659663273405,17.014889727948
-130.067650503302,17.2190608203566
-130.470484392568,17.4333577980299
-130.870861477305,17.6562445579926
-131.286549500541,17.8960535887996
-131.71374480101,18.1500757259043
-132.136448119837,18.4096121360084
-132.521171598919,18.6568492804707
-132.883796050608,18.906340027999
-133.234488936456,19.1718497456719
-133.569339829267,19.4543455183081
-133.888887823805,19.7540682994707
-134.192190055512,20.0701671065168
-134.478624529701,20.4016764635907
-134.753365464046,20.7433117496802
-135.021119888385,21.0935209161283
-135.284517117351,21.4511139656368
-135.552947039324,21.8276603277667
-135.837629967702,22.2396595611948
-136.121538504468,22.6539409536097
-136.404380807226,23.0687445054376
-136.696125798165,23.5016200802044
-136.984766196254,23.9303330360378
-137.272431491079,24.3581668088821
-137.559498930169,24.7855162778677
-137.846105814398,25.2124668497843
-138.132442553236,25.6392492874236
-138.418667102437,26.0660882400894
-138.704931720401,26.4932393848273
-138.991340617922,26.9209340628658
-139.27773100342,27.3490926094699
-139.56667123321,27.7813922725897
-139.842806760991,28.1983031087612
-140.119928354112,28.6176566041424
-140.39567637909,29.0370686840544
-140.670059149045,29.457461817271
-140.937526445644,29.8732167126168
-141.182404873551,30.266651919654
-141.397724922543,30.6324341783389
-141.572298802992,30.961724056396
-141.716379465128,31.2844871678903
-141.828907379505,31.6180570993292
-141.90566803462,31.9605845777715
-141.946164806376,32.3092848587172
-141.949994029973,32.660330350895
-141.917086204893,33.0098028097484
-141.847803669737,33.3539075417007
-141.742890675423,33.6889168372882
-141.603544408888,34.0110927377874
-141.431231374675,34.3169355012791
-141.227900456604,34.6030905840904
-140.995748354417,34.8663876714513
-140.737311280455,35.1039882147824
-140.453318358994,35.314675651443
-140.150712320317,35.4938737950577
-139.817206198808,35.6527826241708
-139.428962014099,35.812069416235
-139.002899070924,35.9719721126867
-138.538091726047,36.1369588175578
-138.065210386882,36.2993846049804
-137.591221934653,36.4585739365959
-137.116462579087,36.6154237460153
-136.641087910097,36.7704329626592
-136.165186991822,36.9237616993976
-135.690005675124,37.0748572587279
-135.211134355496,37.2246988231719
-134.75390482805,37.3639705878287
-134.292510916273,37.4993347103695
-133.853572732166,37.6202640660831
-133.408934208566,37.7307110251636
-132.959217337746,37.8267671990149
-132.507673582426,37.9069887246093
-132.053602498474,37.9715510083659
-131.597590327702,38.0203894133019
-131.140178547164,38.0534265982582
-130.68187927632,38.0706381877447
-130.223262371195,38.0719951275852
-129.764865934291,38.0575051649158
-129.307247788894,38.0271749656292
-128.850954227483,37.9810435194389
-128.396504640666,37.9191758922279
-127.944515501253,37.8416347155953
-127.49544806355,37.7485124379729
-127.049865683404,37.6399291866405
-126.608316162543,37.5160058695956
-126.171292749362,37.3768936139082
-125.739158014588,37.22269023334
-125.311587000572,37.0533016775049
-124.892963237394,36.8721647753042
-124.45544765913,36.6701465648233
-124.023525323371,36.4628104066632
-123.595382955362,36.2518060808569
-123.148486345076,36.0275252289818
-122.703287384315,35.801567508427
-122.258194676921,35.5737645546485
-121.813746613144,35.3447076610314
-121.369929060005,35.1144243185948
-120.927008091666,34.8828124518786
-120.487359079665,34.6505385938994
-120.065402533813,34.4240498264062
-119.664628328802,34.2035196302942
-119.285825784739,33.9886799539724
-118.90673087756,33.7682204961187
-118.528658665544,33.5445349064237
-118.148919677021,33.3165971594444
-117.766261534271,33.0839212206843
-117.379497862467,32.8456578565044
-116.987638176842,32.6007884337142
-116.589812705516,32.348114281759
-116.185218002138,32.0862371426011
-115.77322735287,31.813706806242
-115.353290370247,31.5289201222833
-114.925005759646,31.2302294631527
-114.479696083773,30.903362318234
-114.025166390931,30.561023001633
-113.580456681697,30.2360514087289
-113.136483319153,29.9082093388443
-112.71340616975,29.6127316683571
-112.328327864806,29.3780521969138
-111.976119923923,29.1961127878209
-111.640411905992,29.0457776533841
-111.316242872783,28.9201861380965
-110.999319948213,28.8157545611626
-110.682753249112,28.7302680581863
-110.363239783677,28.666443173744
-109.976508409819,28.6120712349901
-109.516338708282,28.5610814540646
-109.027922298613,28.5155151120629
-108.539205340971,28.4772917282935
-108.071832525087,28.4491105871796
-107.623088788174,28.4332452456731
-107.222842481706,28.4358972030057
-106.827148257142,28.4647877378487
-106.436804298665,28.521393922242
-106.051471800615,28.6055154991958
-105.673059102916,28.7167347817276
-105.30348472587,28.8544901968559
-104.944593535355,29.0180899010611
-104.598196197921,29.2067084852772
-104.263813025686,29.4209413734154
-103.93546781674,29.6609892762846
-103.577427220989,29.9458807776593
-103.214419487512,30.2513805522207
-102.851020465532,30.5730534180184
-102.546363438522,30.8619245276426
-102.310269196726,31.1167502487065
-102.146268459992,31.3485293555356
-102.025499908369,31.593198510656
-101.943812347017,31.8535139213364
-101.9031369057,32.1233373176253
-101.904429302081,32.3961928296956
-101.948997230857,32.6710783044452
-102.044855087146,32.9787028849151
-102.191476082541,33.352614388068
-102.376975004138,33.78276443313
-102.581435860779,34.2353147656439
-102.792181276159,34.6887328663404
-103.006474775563,35.1404762281523
-103.223564199899,35.5906035819837
-103.440384094843,36.0329023888224
-103.661055612574,36.4751996978775
-103.873796688885,36.8902425059003
-104.090506480698,37.2977524380365
-104.306567906505,37.6821772031456
-104.53452407421,38.0570738633247
-104.775188507844,38.4239644868255
-105.028263573619,38.7824194882529
-105.29344951463,39.1320027150378
-105.570443531245,39.4723125842838
-105.858921241159,39.8029600788498
-106.158518890118,40.1235324164062
-106.465656568818,40.4370387920301
-106.778151015084,40.7458659083687
-107.094957282223,41.0517611165863
-107.41947475928,41.3592751143747
-107.766213789598,41.6814480548505
-108.118299218656,42.0060798530168
-108.492964905862,42.3462426557937
-108.864929938491,42.6840749439981
-109.246039296878,43.0281197014105
-109.63401559921,43.3768125671389
-110.007413743026,43.7147936629079
-110.385535990276,44.0563006213697
-110.764563868526,44.3984374520424
-111.142970073088,44.7400372826286
-111.520783663923,45.0811361813845
-111.898129915063,45.4218422965073
-112.275144780785,45.7622708426907
-112.65193434512,46.1025121152974
-113.028614030364,46.4426657185035
-113.405312344926,46.7828445209104
-113.782156936742,47.1231620742988
-114.159258397224,47.4637165271638
-114.53673618426,47.8046130442475
-114.914701993595,48.1459445902121
-115.293097255014,48.4876237062758
-115.66945716244,48.8270713417445
-116.058738610009,49.1800562933829
-116.443093350581,49.5269325210992
-116.822220042248,49.8671490007788
-117.19807491506,50.2025007171797
-117.569213241942,50.5307829577778
-117.946883354432,50.8636041595697
-118.307059867182,51.1728120074053
-118.643418008426,51.4492337267541
-118.965923739996,51.6999113625603
-119.294148884271,51.9390095822524
-119.631155980494,52.1638492129569
-119.986531910073,52.3728909872161
-120.352224784595,52.5603722160084
-120.738155235947,52.7355712778793
-121.131527498925,52.8928954855926
-121.531802425125,53.0317448329637
-121.939648799137,53.1522360841654
-122.376326375606,53.2647013602056
-122.840145810011,53.3733725856005
-123.30732863943,53.4753196460083
-123.772481004358,53.5705085119195
-124.238800630141,53.6596424205291
-124.706410843833,53.7417039882202
-125.175247293731,53.8165385582399
-125.645186368152,53.8841163426248
-126.116103001763,53.9444267787032
-126.597241398144,53.9997778098642
-127.08073971464,54.050664104034
-127.571330671115,54.0981222033697
-128.059644183745,54.1410137352265
-128.548389919982,54.1786855130268
-129.037493457779,54.2111151024833
-129.526937593706,54.2383043319933
-130.016657023155,54.260256387421
-130.50656220281,54.2769663664775
-130.996614365698,54.2884201186091
-131.486940805359,54.2946305206151
-131.980140004397,54.295716651013
-132.473705285035,54.2921505103753
-132.966956165297,54.2837888024089
-133.460078437941,54.2706070367926
-133.953063364477,54.2526230530504
-134.445867999247,54.2298383083143
-134.938387424016,54.2022446929047
-135.430663634215,54.1698518265918
-135.922580980074,54.1326698950487
-136.414290702288,54.0912004156385
-136.91475235198,54.045792428663
-137.410276833089,53.9982831236922
-137.904169550677,53.9484155546194
-138.395780186737,53.8958758760222
-138.880122644978,53.8402735054582
-139.363843906461,53.7792761203692
-139.846785944072,53.7127084355218
-140.32892421142,53.6405695933521
-140.810212881715,53.5628759203835
-141.29057588122,53.4796436148192
-141.769946934926,53.3908712519641
-142.248255869256,53.2965814021436
-142.72546218268,53.1967828357486
-143.201439665254,53.0914919249791
-143.675909924146,52.9807599876426
-144.14891797037,52.8645370329068
-144.620541056984,52.7427976326126
-145.090739547137,52.6155705015667
-145.55939897945,52.482869819658
-146.02647090723,52.3447109312697
-146.491907323287,52.2011097060894
-146.9556169684,52.0520916335715
-147.417597931049,51.8976697443903
-147.877797330297,51.738079647709
-148.338629100739,51.5743169873558
-148.795129684435,51.4092920452259
-149.264113097885,51.237452360207
-149.732987790055,51.0637768640838
-150.201226134512,50.8884301043011
-150.665120672031,50.7124216906018
-151.120718525439,50.5364508103011
-151.563809774797,50.3607711618569
-152.004466714099,50.1793247564667
-152.442391117838,49.9913238031691
-152.87744397744,49.7968260282558
-153.309564579081,49.5958618918309
-153.738629848732,49.38848190673
-154.164588151473,49.1747230028421
-154.587314205514,48.9546440567607
-155.006679156607,48.7283067673419
-155.422610624457,48.4957378428805
-155.839169506827,48.256395132206
-156.25992414304,48.009577093143
-156.681335400345,47.7578573546704
-157.092688119712,47.5072632392882
-157.497396239691,47.254504805767
-157.898347032958,46.9958274640688
-158.295442949296,46.7312742760186
-158.688585172209,46.4609105999372
-159.077732876871,46.1848355174191
-159.463275578438,45.9036899858538
-159.845337642965,45.6169863319768
-160.227341536886,45.3203482487278
-160.58884880273,45.0259145656995
-160.916851795976,44.7374642467931
-161.232545778887,44.4351741455265
-161.535109108171,44.119785073826
-161.824007154995,43.7918492268015
-162.098762005402,43.451917758136
-162.36366692345,43.0948273192873
-162.620470658148,42.722675873987
-162.854015673642,42.3565296176394
-163.068130243615,41.9848047080674
-163.26534712172,41.6038475827354
-163.445289678307,41.2144512367041
-163.613278862172,40.8197521037665
-163.775532692239,40.4151237331433
-163.929351472843,40.0148618341675
-164.077655978531,39.6126865733872
-164.221642919266,39.2046272458614
-164.360827302409,38.7896082093932
-164.493686035447,38.3663554337051
-164.618360771013,37.9264456228963
-164.733063965968,37.4416413694656
-164.830804097536,36.9451293788944
-164.902193640234,36.449892794205
-164.928811454248,36.1046412952263
-164.894222466656,35.7459331956066
-164.778620003433,35.2573061019733
-164.640898394845,34.7761102464257
-164.48859636419,34.2998007350519
-164.326693961723,33.8267376503122
-164.158461087137,33.355806456114
-163.986050172298,32.886267863109
-163.810884203354,32.4176517111658
-163.633899616876,31.9496495419878
-163.455709034289,31.4820526690394
-163.276720902297,31.0147496634806
-163.097859652991,30.5496352294721
-162.915076134777,30.0741248756399
-162.738032873294,29.6164418843129
-162.559131183345,29.1549465189472
-162.385507048902,28.7091648397773
-162.211600413484,28.265885810892
-162.035827999778,27.822044838451
-161.857522272098,27.3772520392059
-161.675769199717,26.9313642707394
-161.489255985055,26.4844487193227
-161.296198585583,26.0370542219162
-161.094150976148,25.5904744629479
-160.879652895761,25.1470500945858
-160.647788047521,24.7107774975683
-160.391582764138,24.2883203774455
-160.099992706454,23.8890757297163
-159.778412638073,23.4970696606341
-159.448953651414,23.1234171824406
-159.101091097307,22.747350964831
-158.757388282966,22.3874038043891
-158.412023650225,22.0335267443978
-158.067617485075,21.6861243973661
-157.708465207582,21.3269928198353
-157.351470516071,20.9730432292278
-156.993740190668,20.6211431917822
-156.634553251395,20.2708628378735
-156.273437149833,19.922560646482
-155.909653930925,19.5770171070682
-155.542030681144,19.2355334564977
-155.168763846983,18.900171046717
-154.791418397735,18.5694283665639
-154.410744283424,18.2425323668206
-154.027865738985,17.9181661304879
-153.643502639626,17.5954418471165
-153.258059753881,17.2737171819187
-152.870573841646,16.9515729763823
-152.478151535164,16.6262743535116
-152.100407087281,16.3126389060081
-153.048497622696,17.1633492550119
-154.121830599756,18.1181368901613
-155.323470611758,19.1791400963106
-156.653699521595,20.3464743516268
-158.112536516002,21.6200990835729
-159.7,23
