-154.6,18
-154.284092515799,17.6088802017383
-153.910542073883,17.2656123393209
-153.534761489195,16.9242438724337
-153.155656004632,16.5843026411479
-152.770740450185,16.243576603031
-152.400145595453,15.9166024649966
-152.025000433397,15.5884483732762
-151.646514031462,15.2594358132497
-151.267290881158,14.9314343599539
-150.887434122203,14.604538697948
-150.553896654368,14.2159568643011
-150.216225218071,13.8329054422919
-150.235549918628,13.8071452551436
-149.792770978827,13.5641450916944
-149.35243178501,13.3179130863843
-148.96505083909,13.0010872263284
-148.576846189721,12.6846113078183
-148.188459534006,12.3691241014502
-147.799523916921,12.0543882078809
-147.410004885236,11.7404094246754
-147.019937787889,11.4271819362342
-146.629309582534,11.1146818674463
-146.238170086214,10.8028855247283
-145.846511164849,10.4917590697896
-145.454388702908,10.1812706788561
-145.061812120903,9.87138746346862
-144.668790422462,9.56207690916631
-144.275376895701,9.25330663434853
-143.881566981998,8.94504662723368
-143.487409598163,8.63727096060517
-143.092897085245,8.32994726481028
-142.698077432626,8.02305340370614
-142.302940741954,7.71656190539579
-141.907532615777,7.41045227694556
-141.51184129537,7.10469951351151
-141.115910709733,6.79928498467905
-140.719727146456,6.49418820259874
-140.323333747234,6.18939363882498
-139.926711860673,5.88488079256221
-139.529905333541,5.58063454315527
-139.132910230598,5.27663959616441
-138.735722074982,4.97288168794646
-138.338380155694,4.66934649832
-137.940866935836,4.36602166556474
-137.543218462791,4.06289693395428
-137.145414754898,3.75995921659921
-136.747492002263,3.45720058435805
-136.349429120077,3.15460836043328
-135.951261290409,2.85217622078236
-135.552966626741,2.54989170854253
-135.154580869792,2.24775259345497
-134.756077524713,1.94574711070697
-134.357493782347,1.64386946936251
-133.958819369583,1.34211194969065
-133.560043556304,1.04046993106475
-133.161199719632,0.73893600243998
-132.762265111034,0.437505255898982
-132.363270629501,0.13617488053354
-131.964191317398,-0.165062688747208
-131.565058836754,-0.466209298655312
-131.165848129198,-0.767272443982552
-130.766590605278,-1.06825238868751
-130.367261074361,-1.36915673627051
-129.967892427244,-1.66998595217199
-129.568456944637,-1.97074776595948
-129.168989487126,-2.27144710911989
-128.769480024248,-2.57209133393709
-128.369927272045,-2.87269082716387
-127.970358721337,-3.17325910341836
-127.570765618371,-3.47381220501158
-127.171182300994,-3.77437823549966
-126.77165476924,-4.07499687474232
-126.372204604989,-4.37572754934042
-125.972912871167,-4.6766624042572
-125.573868150847,-4.97793771337909
-125.175301189117,-5.27970853500727
-124.778288043264,-5.5815483411474
-124.383487540296,-5.88209729700557
-123.983214015423,-6.18684778189534
-123.594243774925,-6.49018808714745
-123.211855766049,-6.79729076424439
-122.834958874798,-7.10845412237524
-122.462888327259,-7.42497008699976
-122.095875200944,-7.74734708081891
-121.73403667642,-8.0755088878985
-121.377452984423,-8.40937208552136
-121.026214224536,-8.74885269518733
-120.68040035475,-9.09386778954629
-120.340100918504,-9.44432788632575
-120.00542228703,-9.80014564011974
-119.676421478669,-10.1612279564116
-119.353201435174,-10.5274895020702
-119.03583770459,-10.898835811239
-118.724287633191,-11.2750814760933
-118.418147619435,-11.6557513722881
-118.116706781394,-12.0401990607213
-117.819062665907,-12.427695243386
-117.524116111516,-12.8174886054269
-117.230776279771,-13.2089151958986
-116.938231414027,-13.6016023636967
-116.645854579194,-13.9953681006961
-116.353159771814,-14.3901500425258
-116.059705657206,-14.7859640903336
-115.765129740396,-15.1828765973748
-115.469044738738,-15.5809896423644
-115.17108034508,-15.9804292780795
-114.870873874796,-16.3813328479349
-114.568029603237,-16.78385520981
-114.262134007404,-17.1881620979517
-113.952769343933,-17.5944396273705
-113.639486653404,-18.0028819326218
-113.321927396208,-18.4135280708535
-113.003579639649,-18.8249697255708
-112.69415295108,-19.2341087416576
-112.389558141156,-19.6311908556651
-112.073750427119,-20.0065219802137
-111.756419126375,-20.3581693497923
-111.439959577215,-20.6924920314408
-111.12049611168,-21.0134511936795
-110.795186913341,-21.3213764376144
-110.461042433361,-21.6152440304742
-110.115049620142,-21.8926440994916
-109.75520444826,-22.1506577718763
-109.380517776196,-22.3861870881376
-108.991113388917,-22.5963983103833
-108.588169624845,-22.7793311248016
-108.173772269399,-22.9346239804316
-107.750279824057,-23.063470806077
-107.319697922124,-23.1682109181151
-106.883398605939,-23.2520230545632
-106.441801432959,-23.318631165642
-105.994228470223,-23.3715615690322
-105.539056013606,-23.4131574420824
-105.072611216185,-23.444780549204
-104.590221506198,-23.4645110035237
-104.092485688544,-23.4657660098521
-103.59642236017,-23.4560083302441
-103.079096775934,-23.4465461624043
-102.556644941466,-23.4374563763327
-102.035661212816,-23.4257895940211
-101.521635953285,-23.4091709453859
-101.028192613544,-23.3896654832239
-100.519934218965,-23.3717267283298
-100.023851793339,-23.3633636190775
-99.5389775555244,-23.3600921626924
-99.0612939849742,-23.361540445317
-98.5877538191538,-23.3697922562876
-98.116831553376,-23.3882486295625
-97.6478726721881,-23.4210138040777
-97.1810179625198,-23.4718047782318
-96.7170968128111,-23.5436964663595
-96.2574016187603,-23.6388053797461
-95.8033159816046,-23.7578306927155
-95.3560586288523,-23.9004444337193
-94.9168952950482,-24.0662603646702
-94.486994542463,-24.2548185937578
-94.067557947438,-24.4656121346522
-93.659721815332,-24.698054014226
-93.2645938328792,-24.9515124901625
-92.8832706311344,-25.2252945962313
-92.5167937022887,-25.5186483428412
-92.1661517233545,-25.8307744285488
-91.8323320845122,-26.1608124208686
-91.5162211836655,-26.5078595351534
-91.2187002513023,-26.8709684973342
-90.9405791846754,-27.2491455576861
-90.682630120791,-27.6413497525319
-90.4455516440639,-28.0465096554612
-90.2299804677291,-28.4635179463139
-90.036527920833,-28.8912362604256
-89.8645932914868,-29.3280809217176
-89.7122675669752,-29.7723304571975
-89.5766012510614,-30.2225343904287
-89.4539326024726,-30.677780136298
-89.3398038189776,-31.1380537463846
-89.2304599865046,-31.6073231618411
-89.1277253791009,-32.0896196756382
-89.0348286629684,-32.5841654591389
-88.9372886244475,-33.072809415099
-88.83272939116,-33.5692802351835
-88.7256530070162,-34.0693895820011
-88.6169665876001,-34.5704085486497
-88.5082716709265,-35.0711552369822
-88.4007437700747,-35.5778050940835
-88.2870834534712,-36.0793380507561
-88.1672033144333,-36.5760075322615
-88.043240497324,-37.0673207789489
-87.9153520916588,-37.5538327467702
-87.7832737616276,-38.0359296876919
-87.6467527650585,-38.5138467806631
-87.5055660616224,-38.9877880896474
-87.3595082877079,-39.4579512998295
-87.2083860739704,-39.9244891565423
-87.0520090545835,-40.3875567128914
-86.8901560301694,-40.8472513734684
-86.7226424208185,-41.3036884724829
-86.5492083877488,-41.7569026597724
-86.369530470162,-42.2069162522766
-86.1832465972323,-42.6536558168125
-85.9897936040352,-43.0969566478543
-85.7883916534656,-43.5364790529206
-85.5782099376,-43.9717409067388
-85.3584977035364,-44.4022152537317
-85.1286947802396,-44.8273714023407
-84.8884535396903,-45.2467132961353
-84.6377323361412,-45.6598714935318
-84.3766915229581,-46.0665912772027
-84.1054901868684,-46.4666153010162
-83.824311574062,-46.8596912076933
-83.5333304078651,-47.2455597672939
-83.2327373979123,-47.6239831770878
-82.922707150433,-47.9947243158251
-82.6034510714177,-48.357547108161
-82.2752740739829,-48.7123263746686
-81.9387399457868,-49.0592014765492
-81.5945183319409,-49.3985137951813
-81.2433557864942,-49.7307687376256
-80.8859505551324,-50.0566058483324
-80.5229323185178,-50.3766717224754
-80.1546809238701,-50.6914582978944
-79.7813614959155,-51.0013070173368
-79.4030978315114,-51.306533129791
-79.0199153933005,-51.6073861802031
-78.6318066782,-51.9041040297795
-78.2387355230428,-52.1968974490497
-77.8406234842164,-52.4860169887574
-77.4372032861302,-52.7718286021755
-77.0272208903285,-53.0547551707888
-76.6092675318468,-53.3330715586049
-76.1846494778683,-53.605649666418
-75.76150133019,-53.8766978066102
-75.3356676668379,-54.1469179766221
-74.9075933843974,-54.4139887497312
-74.4779125356719,-54.6776119962628
-74.0467576420138,-54.9379536147819
-73.6142060048996,-55.1952094590183
-73.1803556285716,-55.4495564726939
-72.7452776873823,-55.7011772217426
-72.3090468616261,-55.9502299713878
-71.8717269668429,-56.1968782507989
-71.4334016037791,-56.4412774446059
-70.9941277202373,-56.6835625792031
-70.5539581377916,-56.9238769551405
-70.1129665912983,-57.1623431655877
-69.6712009200875,-57.3990866172205
-69.2287048582962,-57.6342271178344
-68.785543796984,-57.8678686787655
-68.3417579293901,-58.1001230636214
-67.8973838498482,-58.3310823829175
-67.4524793497391,-58.5608467857418
-67.0070790238872,-58.789511504088
-66.5612221321564,-59.0171550470632
-66.1149370149121,-59.2438699449312
-65.6682769560119,-59.4697314302024
-65.2212709626893,-59.6948242741181
-64.7739448914525,-59.9192183807801
-64.3263480790626,-60.1429955851829
-63.8785093891758,-60.3662376069838
-63.4304645605929,-60.5890162051676
-62.9822437628341,-60.8114259946264
-62.5339200857126,-61.033548923424
-62.0860643641948,-61.255244424686
-61.639280994901,-61.4756222471081
-61.1904280705291,-61.6952647617805
-60.7527955796274,-61.911113374534
-60.3179789570682,-62.1280902544582
-59.8851915738332,-62.3459946844458
-59.4537210004467,-62.5656720967958
-59.0236849463674,-62.7880410420847
-58.5954521478277,-63.0138197506279
-58.1693518719414,-63.2436013240489
-57.7456548790711,-63.4777658904524
-57.3244902029981,-63.716456065735
-56.9059044758822,-63.9596392349315
-56.489946470698,-64.2072945688043
-56.0765290718021,-64.4591583632223
-55.6653911084748,-64.714750869724
-55.2561844474277,-64.9734888881039
-54.8484483146248,-65.2346247004177
-54.441650049543,-65.4974307190208
-54.0353338837508,-65.7613475323175
-53.6291551284821,-66.0260023131009
-53.2228358578359,-66.2911728663573
-52.8161182207838,-66.5566711672449
-52.4087870528122,-66.8224029378949
-52.0006255959804,-67.0882769360235
-51.5914173479973,-67.3542105813255
-51.1809472445498,-67.6201680253833
-50.7689718256101,-67.8860645539407
-50.3552558370195,-68.1518223693082
-49.939533449819,-68.4173832525116
-49.5215189616364,-68.6826630020937
-49.1009099938428,-68.9475749244445
-48.6773817464096,-69.2120294092049
-48.2505604497212,-69.4759046431828
-47.8200782304371,-69.739089339079
-47.3855217699971,-70.0014937178379
-46.9468955215107,-70.2624844432319
-46.5090066380888,-70.5201001490112
-46.0850005001072,-70.7745295546304
-45.6673077242383,-71.0276876064343
-45.2524473272729,-71.2428970656707
-44.8470935466618,-71.4258339702972
-44.4496321873816,-71.5860346895693
-44.0504949002892,-71.7246190014142
-43.6461883639347,-71.8368673260233
-43.2357803728063,-71.9179743615405
-42.8203372905521,-71.9635436324411
-42.4025354128913,-71.9701706036844
-41.986050909749,-71.9363150750938
-41.5748089548506,-71.862299720573
-41.1724553709596,-71.7494121561604
-40.7815479676353,-71.6010250464033
-40.4029765977536,-71.4215232091715
-40.0356856680812,-71.2155246639062
-39.6763026482728,-70.9874381775508
-39.316218968721,-70.7366528261875
-38.9530529125929,-70.4547776552758
-38.5935101224141,-70.1363757805152
-38.2274639169563,-69.8055581519123
-37.8472658871105,-69.4664816694173
-37.464670256325,-69.1211845204743
-37.0848541356098,-68.7728235270336
-36.7079016421038,-68.4225589093278
-36.3334557065837,-68.0706478480382
-35.961508634353,-67.7178530675865
-35.5946840895064,-67.3652171261383
-35.2354287594885,-67.0106231806284
-34.8868517975139,-66.6715733126269
-34.539541226537,-66.3432947202617
-34.1958139378711,-66.02348990492
-33.8542626392724,-65.7090742405261
-33.512528480904,-65.3992231484428
-33.1686761530625,-65.0945612925003
-32.820396203088,-64.7966054062979
-32.4655542075268,-64.5073234448504
-32.1025128288317,-64.2287265975406
-31.7302117444816,-63.9627339192942
-31.3482401329062,-63.7108432598845
-30.9568955629724,-63.4737776603256
-30.5567541314677,-63.2518766854888
-30.1484066394632,-63.0454780687538
-29.7324483791517,-62.854875356505
-29.3094945647846,-62.6803523851478
-28.880160993402,-62.5221603498754
-28.4450808350311,-62.3805380422116
-28.0048964337358,-62.2556872218417
-27.5602473157757,-62.1477923478154
-27.111795422547,-62.0570169199766
-26.6601919785232,-61.9834886664511
-26.2061074894478,-61.9273209933881
-25.7501997257597,-61.8885876986528
-25.2931440676319,-61.8673648604885
-24.8356054741782,-61.8631610472468
-24.3781225390908,-61.874487255846
-23.9209439708788,-61.8991548044326
-23.4639308141597,-61.9345409797493
-23.0064865703352,-61.9778101367529
-22.5476333329637,-62.0264622256964
-22.0863345259835,-62.0788466156089
-21.6192319220012,-62.1344120959591
-21.1439832193462,-62.1956075320399
-20.650180627935,-62.269346105593
-20.1525730784136,-62.3406723700254
-19.647792394259,-62.4075815670817
-19.1396687830472,-62.4722076191953
-18.6303313271825,-62.5346496456145
-18.1200168235967,-62.5943926154008
-17.6088278498985,-62.6510025215463
-17.099104610595,-62.7048864724845
-16.5961568929615,-62.7591609514441
-16.0994121619751,-62.8107146196771
-15.6060606944675,-62.8469693161364
-15.1234407458093,-62.870329484681
-14.6497480926308,-62.8849415490849
-14.1813636814047,-62.8910985065352
-13.7167026515829,-62.8881179640706
-13.2545990543092,-62.8748636638103
-12.7941399103698,-62.8507637615054
-12.3345017654869,-62.8156148094718
-11.8748396377507,-62.7695333795611
-11.4141530695008,-62.7130624749659
-10.9505062029281,-62.6471749715908
-10.4801582589447,-62.5711276904375
-10.0015011988025,-62.4801340352579
-9.53016595520856,-62.3773351213314
-9.04328813341275,-62.2686568536553
-8.54972937101778,-62.1579751493868
-8.05493480597213,-62.0428701219112
-7.56148377505604,-61.9237748650769
-7.06958431356507,-61.8011058659426
-6.57912155140518,-61.6751348739661
-6.08998358871266,-61.5461268287771
-5.60206203958712,-61.4143142843647
-5.11525167660679,-61.2799500952066
-4.62944613377104,-61.1432806362801
-4.14454635396583,-61.0045220789834
-3.6604520929516,-60.8639144622807
-3.17706527414864,-60.7216807969362
-2.69428746825823,-60.5780434914624
-2.21230342609192,-60.4333701091812
-1.73246420818153,-60.287965031276
-1.25675129051288,-60.1408972727621
-0.785072017805836,-59.9930841621337
-0.306932238511957,-59.8459090772076
0.168244774053161,-59.7020865409149
0.64146662337952,-59.5601596419699
1.11427332185328,-59.4202766996357
1.58742616064335,-59.2834343451977
2.06159265336706,-59.1511878800131
2.53730217171171,-59.0251145226837
3.01491134478253,-58.9066414984269
3.49459723269224,-58.7969341889728
3.9763648665727,-58.6967674869857
4.46004918372915,-58.6062997130852
4.94545178757522,-58.5255757460994
5.43237759026575,-58.4546170760684
5.92061585925455,-58.3933192652084
6.41070294538579,-58.3408347048591
6.90420926537908,-58.2967204864719
7.40200212553547,-58.2615873695359
7.89664942713866,-58.2320248247292
8.39183669761572,-58.2023305920731
8.88993109552822,-58.1733361508623
9.38915696074048,-58.1455994944622
9.88843358375802,-58.1187038582802
10.3877392619265,-58.0923379301002
10.8870602074947,-58.0662947828223
11.3863913575318,-58.0404488264423
11.8857293196052,-58.0147091037243
12.385067911324,-57.9890179774952
12.8844078538973,-57.9633394047434
13.3837481633436,-57.9376498413974
13.8830861458814,-57.9119343325171
14.3824239037634,-57.8861835775313
14.8817595471912,-57.8603927683735
15.3810912655178,-57.8345579549982
15.880422486116,-57.8086735918796
16.3797502970174,-57.7827465087142
16.8790740302011,-57.7567727149455
17.3783971858143,-57.7307515054987
17.8777166685342,-57.7046838555787
18.3770356414626,-57.6785700705836
18.8763502952724,-57.6524104218693
19.3756632029384,-57.626205029835
19.8749737505935,-57.5999547582872
20.3742812020794,-57.57365882421
20.8735881461646,-57.5473131564385
21.3728907684609,-57.5209250517351
21.8721921818639,-57.4944902196126
22.3714891545846,-57.4680072071205
22.8707842451214,-57.4414758704105
23.3700767422064,-57.4148952151228
23.8693672559526,-57.3882639910424
24.36865696726,-57.3615815862272
24.8679412797836,-57.3348456399378
25.3672227148574,-57.3080504861085
25.8665030187578,-57.2812017039282
26.365777579813,-57.254293135829
26.8650488536266,-57.2273213628638
27.364319266984,-57.2002841427979
27.8635491343044,-57.1731799344751
28.3626477766709,-57.1459698940932
28.8615641906773,-57.1185486162871
29.3618343948554,-57.0909361738369
29.8621509928958,-57.0634064042843
30.3623276301818,-57.0358092383655
30.8624544335121,-57.0081260502788
31.3625820519324,-56.980314147624
31.8627056350742,-56.9523873447117
32.3628348120019,-56.924292540586
32.8629624648254,-56.8960209348418
33.3631019980465,-56.8675784824973
33.8632375651991,-56.8389153769037
34.3633825133336,-56.8099953729973
34.8635263724056,-56.7808257620501
35.3636797164252,-56.7513420314872
35.8638309709897,-56.7215480002132
36.3639996584657,-56.6913679859149
36.8641769753956,-56.6607565333121
37.3643644812268,-56.6297147194538
37.8645563148906,-56.5981595093809
38.3647551709395,-56.5660372954301
38.8649674482236,-56.5333174884561
39.3651898564408,-56.4999212354272
39.8654751888123,-56.4658093427704
40.3658733265308,-56.4309539971301
40.8690477788101,-56.395262828961
41.3677416933809,-56.3586160947001
41.8680366241604,-56.3205349693855
42.3711375511657,-56.2814067406535
42.8741421213497,-56.2411814098932
43.3771020276615,-56.1996966342867
43.8800915074732,-56.1567563641388
44.3832037018929,-56.1123117841311
44.8865262901415,-56.0663775503354
45.3883478418343,-56.0190987450426
45.8835545164377,-55.9698687835047
46.3788366398023,-55.918256607319
46.8740930738468,-55.8643632180184
47.3692106917391,-55.8081296549364
47.8641555912776,-55.7493683805173
48.3589107238028,-55.687872518272
48.8536376884255,-55.6233258845424
49.3520008549085,-55.5556268812726
49.840340757574,-55.4851015033099
50.3384766889216,-55.4108641401095
50.8364256580922,-55.3328988304576
51.3335528619799,-55.2514666266784
51.8288207658615,-55.1685584287501
52.3197479734539,-55.0836414653726
52.8176687286752,-54.9878548191452
53.2976508066213,-54.8842309072063
53.7855779160199,-54.781461734267
54.2537163432563,-54.6742976502645
54.7141943188576,-54.5545897975165
55.1654589053797,-54.4227843759257
55.5977701132047,-54.2778487937536
55.9976232819391,-54.13078700773
56.3600993538622,-53.9912523104817
56.681984135357,-53.8044679868354
56.9507001577868,-53.5530166612862
57.1845547841696,-53.2469548237471
57.4339643669109,-52.9115813471573
57.6735478696524,-52.5236408960446
57.9127525937067,-52.1256568579601
58.1555527847034,-51.7157266244
58.3569899086639,-51.312939525259
58.5241855489677,-50.9089548195202
58.665055979544,-50.4993732185879
58.7761849275787,-50.0785244737205
58.8547399029563,-49.6578071052919
58.9220560623782,-49.2321671323166
58.954921165446,-48.8098572843789
58.9470421801604,-48.3852702683093
58.8949559521188,-47.9568209223879
58.8002472466787,-47.5243991195321
58.7000340195315,-47.0965754329093
58.6011912095186,-46.6947270827706
58.4722573681808,-46.3079628772414
58.2136791752751,-45.9891026832508
57.926595791935,-45.6768447336504
57.6282980316349,-45.3416585574249
57.3057455065346,-44.9972021702451
56.9778800361638,-44.6922349364957
56.6427682867365,-44.4292210272533
56.3123979382436,-44.2006926740545
55.9716188186037,-43.9915905789376
55.6159125514733,-43.8299277514289
55.2263240596134,-43.7168996086163
54.7945606570334,-43.639486318854
54.3332155251098,-43.5506912634082
53.8657075801252,-43.4647302188766
53.3888070404797,-43.3903232051714
52.9107890593001,-43.3247555660799
52.4311326551431,-43.2662841520839
51.9497431937639,-43.2141297508683
51.4666504372168,-43.1677523108047
50.9818621226169,-43.126753722031
50.4951013881153,-43.0908004491345
50.0060193560182,-43.0603751469607
49.5149981989156,-43.0368711319624
49.0159109731798,-43.0184792645294
48.5174177534739,-43.0013099628141
48.0143031828937,-42.9872628865094
47.5114082122097,-42.9766157073466
47.0087927346093,-42.9691733338847
46.5064482037905,-42.9647450352279
46.0043517083492,-42.96316070451
45.502492288726,-42.9642598419529
45.0008559304128,-42.9678773124459
44.4994338048606,-42.9738702323771
43.9982096035387,-42.9821033178218
43.4971679123888,-42.9924376966036
42.9963016625105,-43.0047574377413
42.4956043221066,-43.018938519065
41.9950626704899,-43.0348749692898
41.4946631842606,-43.0524681206109
40.9944008748457,-43.0716115740286
40.4942688397358,-43.0922182285246
39.9942621940761,-43.1142065444157
39.4943697168179,-43.1374862230696
38.9945822136048,-43.1619852428935
38.4948959992662,-43.1876364155803
37.9953086480353,-43.2143629543575
37.4958121334195,-43.2421054866308
36.9963960220146,-43.2708086809994
36.4970589572839,-43.3004068839788
35.9977972986356,-43.3308513691627
35.4986099309724,-43.3620958942441
34.9994888164935,-43.3940856578948
34.5004262482856,-43.4267837938387
34.0014224418434,-43.4601408948288
33.5024781457788,-43.4941214044384
33.0035852008577,-43.528692747883
32.5047366736595,-43.5638108823711
32.0059390221449,-43.5994473329608
31.5071801382648,-43.6355758029301
31.0084630489154,-43.672157841723
30.5097852574666,-43.709170376183
30.011142722674,-43.7465920974882
29.5125331840001,-43.7843894052479
29.0139564875431,-43.8225436182165
28.5154088990514,-43.8610377265838
28.0168884736859,-43.8998419676815
27.518393548378,-43.9389414155506
27.0199263722645,-43.9783224615635
26.5214776390842,-44.0179586590304
26.0230530013934,-44.0578380709702
25.52464853245,-44.0979491594783
25.0262629004396,-44.1382695711501
24.5278949625474,-44.1787930565508
24.0295434670081,-44.219498811701
23.5312079689785,-44.2603779276662
23.0328843024184,-44.3014230978215
22.5345769602221,-44.3426135390788
22.0362793375983,-44.3839423649639
21.5379943380218,-44.4254031681887
21.0397189038305,-44.4669757202227
20.5414540238595,-44.5086528549687
20.0431967942537,-44.5504270670285
19.5449458081274,-44.592275555859
19.0467016688056,-44.6341866221093
18.5484588178436,-44.6761451629675
18.0502186513125,-44.7181162791877
17.5519775786365,-44.7600695656418
17.053730598696,-44.8019600970887
16.5555186077313,-44.8437058216273
16.05770500131,-44.8852311978201
15.5607009813665,-44.9267592507249
15.0606626206073,-44.9686355198784
14.5568998162933,-45.0092534281038
14.0537944889515,-45.0479417543123
13.551006302129,-45.0847994064478
13.048142930214,-45.1196016993609
12.5451251300167,-45.1520961920617
12.0419609913556,-45.1821926015682
11.5386578806642,-45.2098835364169
11.0352264292437,-45.2351574303345
10.5316819015996,-45.2580295466627
10.0280304329009,-45.2784885788938
9.52428590552286,-45.296538184486
9.02046425433682,-45.3121859868782
8.51657134820599,-45.3254244387163
8.0126222948912,-45.3362458414121
7.50862969167567,-45.3446578383344
7.00460112543168,-45.3506604955772
6.50054879621934,-45.3542499871927
5.99648454619145,-45.3554262927114
5.49242029598404,-45.3541932255227
4.98836776859599,-45.3505507806197
4.48433765436131,-45.3444989589236
3.98034330116414,-45.336033950707
3.47639500495355,-45.3251595586677
2.97250623339689,-45.3118720225207
2.46868639825564,-45.2961789325502
1.96494520665593,-45.2780763686994
1.46129719769333,-45.2575530230722
0.957755675504489,-45.2346318392401
0.454326457474602,-45.2093049368586
-0.0489767189386261,-45.1815609421386
-0.552138961140925,-45.1514114987482
-1.05515192334083,-45.1188602318781
-1.55800412026312,-45.0839033162008
-2.06068247870894,-45.0465408472288
-2.56317579996403,-45.0067728349373
-3.0654725302048,-44.9645991805163
-3.56756472750799,-44.9200273839469
-4.0694374722873,-44.8730499222155
-4.57107752531961,-44.8236784409894
-5.0724770718259,-44.771908875612
-5.5736239368682,-44.7177373208073
-6.0745051478606,-44.6611639934691
-6.57511010989147,-44.6022040053441
-7.07542783412344,-44.540849725185
-7.57544735083056,-44.4771049696406
-8.07517002284839,-44.4110811703488
-8.57462024986219,-44.3430219629848
-9.07384003329688,-44.2732680350455
-9.57304439214063,-44.2021668007654
-10.0726734848792,-44.1299231651315
-10.5729685740439,-44.0563361529472
-11.0672211505608,-43.9830529911757
-11.5609450677653,-43.9104489480103
-12.0554124469536,-43.8379694227724
-12.5501630954379,-43.7654453273975
-13.0449294838633,-43.6929858953582
-13.5397129001799,-43.620637235155
-14.034522507227,-43.5484365000413
-14.5293611736133,-43.4764284729933
-15.0242341416636,-43.4046429249617
-15.5191500285586,-43.3331099501509
-16.0141102666291,-43.2618573768707
-16.5091190849923,-43.1909239053371
-17.0041862712957,-43.1203357493469
-17.4993131012235,-43.0501201570662
-17.9945050133251,-42.9803186003675
-18.4897689525025,-42.9109595374065
-18.9851071584137,-42.8420728455404
-19.480528126754,-42.7737022130468
-19.9760375471627,-42.7058798972944
-20.4716388774076,-42.638640150681
-20.9673400224038,-42.5720153101857
-21.4631456288313,-42.5060466521963
-21.9590615967023,-42.4407584408852
-22.4550892964026,-42.3761677363346
-22.9512283946028,-42.3122939521373
-23.4479996770994,-42.2490423176096
-23.9443671120122,-42.1865268107641
-24.440831960621,-42.1245749811061
-24.9373593909478,-42.0630184966028
-25.4333978613312,-42.0017201951748
-25.929902089853,-41.9400191028181
-26.4262340921119,-41.8772687904287
-26.9222197861153,-41.8123594052537
-27.4175844002293,-41.7435484016907
-27.9113861653518,-41.6683029316884
-28.4040107862763,-41.5823599466864
-28.8939414267412,-41.4795608929225
-29.3605501278393,-41.354265095603
-29.8358740621171,-41.1972851974294
-30.3108908557164,-41.0847518051636
-38.0320647099532,-39.4271718192768
-38.4667511138194,-39.2240816964295
-38.8566777928578,-39.0111054751623
-39.1171808451596,-38.844936970807
-39.4449017847002,-38.5601745267531
-39.7421438868419,-38.2566724560935
-39.9839991381569,-37.9045337013868
-40.1616010582618,-37.5180987793864
-40.3246027498326,-37.1082088339725
-40.4984471296321,-36.6969062199029
-40.6835375256009,-36.265002942771
-40.8433571169758,-35.8170918067466
-40.9714944955968,-35.3680599483408
-41.0736942865014,-34.9148241929821
-41.1457543418843,-34.4518863961404
-41.1834127598929,-34.0125048934908
-41.2134777602459,-33.5594824880113
-41.2216150169008,-33.0898664331846
-41.1957524553109,-32.6242974201952
-41.13973102523,-32.1675088095811
-41.0542773508277,-31.7178788054519
-40.9385936320981,-31.2750069842195
-40.7924398994521,-30.8376504135136
-40.6152974949634,-30.4084589094332
-40.4112252245151,-29.9866342157758
-40.1976977625071,-29.5895227379319
-39.9609348566374,-29.2049071577979
-39.7012660339153,-28.8320921141908
-39.4161141352752,-28.4701969721089
-39.1079057376257,-28.1232171066866
-38.7877254161269,-27.7731705247659
-38.4678933640715,-27.4386977213323
-38.1352094741699,-27.1178248027321
-37.7933791000868,-26.810945354058
-37.4407170617099,-26.5167146338154
-37.0794673078661,-26.2398399386859
-36.7122128083447,-25.974690623417
-36.3405991692159,-25.7243096782929
-35.9336247812693,-25.4983631095136
-35.5103482763384,-25.3094330534144
-35.0716549412907,-25.1581157068067
-34.6342987281001,-25.0365428836408
-34.2063118807493,-24.9326091167317
-33.763693127722,-24.8576130280304
-33.3165760246645,-24.811334532431
-32.8410322016767,-24.787644163841
-32.3795756099543,-24.7756131303606
-31.9037682452102,-24.7710696199691
-31.4461990930773,-24.7891843955799
-30.9921999997129,-24.8242716642287
-30.5339275994686,-24.8743618567577
-30.073589652396,-24.9413843424004
-29.595712013946,-25.0162721457887
-29.1067529385259,-25.0887568229583
-28.6112983262196,-25.1619539681337
-28.1142758551263,-25.2361007462761
-27.6172144198006,-25.3100846015656
-27.1199887428317,-25.3834283071227
-26.622506595628,-25.4557622294028
-26.1246899876502,-25.526780908619
-25.6264702599328,-25.5962059358162
-25.1277864188369,-25.6637939379963
-24.6285759473623,-25.7293121634867
-24.1287834900123,-25.7925342357023
-23.6283527274906,-25.853238922672
-23.1272148150522,-25.9112104468426
-22.6255249092565,-25.9665123088715
-22.1245428740743,-26.0209606774117
-21.6233597255805,-26.0755909957533
-21.1211832606706,-26.122960753263
-20.6211823562278,-26.1631552067178
-20.1236832923008,-26.1983435045926
-19.6279356571016,-26.2288808068654
-19.1335021539706,-26.2546999575561
-18.640055732373,-26.2757549130001
-18.1472922689371,-26.2920024245356
-17.6549079306818,-26.3034297785794
-17.1626101127585,-26.310019798821
-16.6701122896192,-26.311781136183
-16.177116192331,-26.3087305354276
-15.6833250641543,-26.3008937164559
-15.1884328974492,-26.2883038953626
-14.692121528986,-26.2710234527292
-14.1940550973502,-26.2491154735324
-13.6938765146857,-26.222661497343
-13.1911306970939,-26.1917525403454
-12.685394440479,-26.1560049320038
-12.1775918703448,-26.1133306173918
-11.6663840329501,-26.0633347916616
-11.160313358663,-26.0160184470254
-10.6541877171317,-25.9685996627224
-10.1489221628337,-25.9194218710029
-9.64418127651737,-25.8685470259459
-9.14020853831171,-25.8164703711649
-8.63955651319821,-25.7635825133404
-8.14117920841088,-25.7060348555378
-7.64297692913548,-25.6436216058903
-7.14572602879289,-25.5894104107877
-6.65623093871404,-25.5434062237001
-6.17190347374467,-25.5029020660604
-5.68738344984133,-25.4691038890642
-5.1980927864547,-25.4446560278539
-4.70151507571968,-25.4342870904146
-4.21514365571817,-25.4345293432964
-3.72048634297332,-25.4351854463336
-3.21977284380394,-25.4378165737532
-2.71651387243603,-25.443424326505
-2.21302334263441,-25.4510956121793
-1.71231944894207,-25.4600734794632
-1.22156234361679,-25.4694118195763
-0.721747338389579,-25.4792834392942
-0.221850829933831,-25.4894276266447
0.278044422268959,-25.4997172982496
0.777938753437206,-25.5100707282808
1.27783287320642,-25.5204357047564
1.77772730586798,-25.5307785224299
2.2776225259054,-25.541076606537
2.77751876219421,-25.551321364819
3.27741577891891,-25.5615038544287
3.77731400774286,-25.5716203617039
4.27721407419629,-25.5816696639784
4.7775948367264,-25.5916593941563
5.27750205236173,-25.6015752239183
5.77741665289942,-25.6114317255107
6.2773396246721,-25.6212325357785
6.77713140060857,-25.6309544652073
7.27672139492398,-25.6406151118479
7.77664870749879,-25.6502095359438
8.27657599702914,-25.6597517006777
8.77650999293771,-25.6692551063713
9.27644519012799,-25.6787146113841
9.77590142695007,-25.6880924770864
10.2758390310455,-25.6974076687306
10.7757707072437,-25.7066849717944
11.2756913650979,-25.7159184257102
11.7831829936618,-25.7252393719627
12.2830991890096,-25.7343736964149
12.7830162986704,-25.7434586286721
13.2829346308322,-25.7524946856532
13.7828538302083,-25.7614836744599
14.2827739212333,-25.7704215264672
14.7826952466276,-25.7793097248228
15.2826174755224,-25.7881480303707
15.782540294363,-25.7969352638874
16.2824631021928,-25.8056704491679
16.7823878276069,-25.8143524131177
17.282313544769,-25.8229797874259
17.7822402789704,-25.8315510067352
18.2821680593682,-25.8400642925741
18.7820969250183,-25.8485176572696
19.282026915907,-25.8569088930014
19.7819580761543,-25.8652355637315
20.2818904541758,-25.8734949962448
20.7818241028605,-25.8816842703197
21.2817590797657,-25.8898002079912
21.7816954473282,-25.8978393618651
22.2816332730945,-25.9057980024357
22.7815726299687,-25.9136721043602
23.2815132629842,-25.9214573255918
23.7814555980319,-25.9291486281863
24.2814000514134,-25.9367413929824
24.781346386869,-25.9442321526041
25.2812947085523,-25.9516113418698
25.7812454584148,-25.9588747207692
26.2811984167437,-25.9660160858856
26.7811533886012,-25.9730280216619
27.2811108403914,-25.9799030303584
27.7810709171304,-25.9866331050502
28.2810337734843,-25.9932097060057
28.7809995743417,-25.9996237290562
29.2809684954265,-26.0058654717787
29.7809407239531,-26.011924597307
30.2809164593293,-26.0177900955424
30.7808959313298,-26.023450241798
31.2808793423458,-26.0288925715361
31.7808669279478,-26.0341037637132
32.2808646779073,-26.0390696775
32.7808595140498,-26.0437752247535
33.2808631540848,-26.0482043592755
33.7808683004505,-26.0523399260255
34.2808829309647,-26.0561637059058
34.7808973182457,-26.0596561626941
35.2741110226278,-26.0626698056428
35.7739248944211,-26.0653396551103
36.2748750236387,-26.0674522646345
36.7779112430239,-26.0693158749755
37.2808639626755,-26.070853495271
37.783874658155,-26.0719433749386
38.2865010761032,-26.0726960414473
38.7863703163978,-26.0727625478888
39.2864321267571,-26.0721332979649
39.7865618714786,-26.0708939533805
40.285515656957,-26.0687850545402
40.7858029863068,-26.0660076173725
41.2862983633039,-26.0625746919992
41.7871087297474,-26.05865843256
42.2883157155763,-26.0540965956461
42.7851381458528,-26.0480839352725
43.2822066673299,-26.0409056515816
43.7793299092567,-26.0326804077223
44.2763970712014,-26.0233535399643
44.7733512678652,-26.0128889485767
45.2700618973924,-26.0011473170355
45.7664246019529,-25.9878190429263
46.2659229494633,-25.9729601214245
46.7662992312127,-25.9571637508119
47.2666013719195,-25.9401741656741
47.7671222454466,-25.9220557645023
48.2651802047477,-25.9029567227067
48.7594973463913,-25.8817706768197
49.2540022964076,-25.8584757120607
49.7485222571243,-25.8333525414162
50.2428912039554,-25.8063963685516
50.7370753463106,-25.7775521686417
51.2310635093327,-25.7467252499544
51.7248518275904,-25.713868215889
52.2184206231848,-25.6788980491619
52.7117667680866,-25.6417252769475
53.2048714275242,-25.6023240848428
53.6977145040189,-25.5605694610344
54.1902894815298,-25.5163928281508
54.6825780455066,-25.4697428242855
55.1745559760071,-25.4205081113362
55.6662010627915,-25.3686078776363
56.1574436594058,-25.3139161095771
56.648252791225,-25.2559855216989
57.1423036482364,-25.1943742752726
57.6391494390668,-25.1300591651506
58.13573495513,-25.062963396528
58.6320223818847,-24.9932518819746
59.1266688159671,-24.9219430946909
59.6278011036017,-24.8464082089424
60.1277081279322,-24.7657543210128
60.6262992922592,-24.6809703253303
61.123649447465,-24.592412430119
61.6198234696957,-24.4999622994366
62.1147794822531,-24.4035000187284
62.6084966677756,-24.3029193548965
63.1009309488936,-24.1981171103941
63.5920508081411,-24.0890061583422
64.0818014241098,-23.9754890164388
64.5702840602677,-23.8574692712019
65.0578415131369,-23.7344805911765
65.5441233167336,-23.6054041646514
66.0172674202505,-23.4741938495617
66.4903481016608,-23.3426056896685
66.9551045717751,-23.2074844695767
67.4154818432335,-23.0651329508763
67.871847424217,-22.9172974346178
68.3253936228838,-22.76430377859
68.7765471792021,-22.6058584932176
69.2252271813459,-22.4417392871437
69.6713627796522,-22.2716742847044
70.1151744406649,-22.0951501919482
70.557465519388,-21.9105494875004
70.9979708001237,-21.7149349777987
71.4391394907908,-21.5070370137823
71.8849839587792,-21.2870336070315
72.3090083300429,-21.0600825177609
72.7058494131782,-20.8494533830197
73.0902243472664,-20.6589187800309
73.4079683165593,-20.3781064690532
73.6907376247372,-20.0712780345404
73.9880003802046,-19.7763977771587
74.2932171724613,-19.4484075635208
74.5873709900643,-19.1020541126447
74.8724104816555,-18.7426974824126
75.1551025363132,-18.3607862935821
75.434742156323,-17.9782136448447
75.7156099975575,-17.5869468263234
75.9943557966566,-17.1872892614632
76.268841286337,-16.7796826841256
76.535344068091,-16.3686967602971
76.8044170635794,-15.9448185715246
77.070684162661,-15.5230586627692
77.3362806072901,-15.0938999402538
77.5982951014799,-14.6629803937691
77.8568757533376,-14.2305468306718
78.1122230440393,-13.7966876590824
78.3645283742627,-13.3614872982526
78.6139738309127,-12.925026978018
78.8607322682551,-12.4873810021627
79.1049675135842,-12.0486225555183
79.3468346836364,-11.6088200287732
79.5864805655095,-11.1680381400928
79.8240440308928,-10.7263390714277
80.0596564635255,-10.283778842282
80.2934421993177,-9.84041319288482
80.5255189697714,-9.39629409389715
80.7559980844938,-8.95147062989479
80.98498525775,-8.50598933588875
81.2125806177144,-8.05989539083958
81.4388791680775,-7.61322873563045
81.6639713224066,-7.1660300914804
81.8879429868262,-6.71833842443164
82.1108757983406,-6.27018782689483
82.3328478610323,-5.82161353356137
82.5539336669248,-5.3726494549829
82.7742043427972,-4.92332508774127
82.9937282137751,-4.47367141240236
83.2125708795441,-4.02371763173356
83.4307954482088,-3.57349112409613
83.6484629266366,-3.12301948904213
83.8656327486547,-2.67232712427232
84.0823627449693,-2.22144194504116
84.298650639161,-1.7705152475509
84.5170465010399,-1.31348041818539
84.732052895421,-0.862208748850323
84.9506897200003,-0.402280881984549
85.1693607765842,0.0570189493977645
85.3878465554869,0.515902507791017
85.6061633974546,0.974535504894772
85.8242874851273,1.43299097287789
86.0434090427064,1.89357491389852
86.2633894182328,2.35486080634802
86.4838280020639,2.8157334775684
86.7049434854867,3.27651267800389
86.9272713808427,3.73741347245653
87.1492800371146,4.19452451273163
87.3673248769613,4.64304889029102
87.5844393683057,5.08982000339967
87.8031118204197,5.53936122606587
88.0219921204704,5.98890518607917
88.2409789410623,6.43839858742425
88.4600382642248,6.88786112465826
88.6791277333964,7.3373041115448
88.8982373729069,7.78673997122592
89.1173560098846,8.23617113061845
89.3364737689396,8.68559940295952
89.5555854856802,9.13503228068423
89.7746874138811,9.58447014227961
89.9937771250339,10.0339141308264
90.2128517962937,10.4833620181493
90.4319092461113,10.9328202154007
90.6509499723863,11.3822879367224
90.8699799653533,11.8317646168683
91.0889829677211,12.281250742989
91.3079662118632,12.730745964556
91.5269294425566,13.180252690528
91.7458700427914,13.6297692605501
91.9647881076935,14.0792969911482
92.1836822212626,14.5288329725693
92.4025513973651,14.9783830290379
92.621397446687,15.427945729657
92.8402282099072,15.8775197760847
93.0590302051985,16.3271041354329
93.2778146455545,16.7766963439046
93.4965879177505,17.226297648751
93.7153576431486,17.6758975847176
93.9341396745815,18.1254915168409
94.1529573624514,18.5750659804256
94.3718472787492,19.0246059241262
94.5908653583837,19.4740833404799
94.8101001671707,19.9234563725213
95.0296913062412,20.3726594770223
95.2498232801698,20.8215857808158
95.4704612789689,21.2693914234811
95.6954242462228,21.7247022108846
95.9166206012386,22.1724206988504
96.1390347326175,22.6134330762093
96.3662715647202,23.0489008437071
96.5982461920437,23.479753147371
96.8354700553484,23.9061726094478
97.078009679141,24.3274643600616
97.3204023715037,24.7338709054674
97.5710952892785,25.1322021386152
97.8310745145162,25.5222204696385
98.100175209059,25.9042856676937
98.3791485563381,26.2805824700786
98.6693495137425,26.651589723715
98.9869680609052,27.0343424980046
99.2961196203349,27.3977319705132
99.6083822775198,27.7552402736695
99.9321126139462,28.0945950187928
100.266189750399,28.416419402001
100.609782676321,28.7241260249201
100.964648658749,29.0210997881505
101.333255109163,29.3102340222222
101.71817989707,29.5908576875294
102.123566982049,29.8722102438375
102.528869605743,30.1514755466025
102.942957785137,30.4276415652702
103.357726617389,30.687592337554
103.75456113488,30.9254430337902
104.118235376765,31.1447953281423
104.499755432303,31.3206145085059
104.901005041383,31.4177577227595
105.326086842774,31.4496136921406
105.767822401429,31.4518841260344
106.229477882139,31.4480090246513
106.708385189852,31.438363586139
107.200085603382,31.4143074450417
107.685510499579,31.3724933317597
108.164576239092,31.3167487847803
108.641275550814,31.2487773838162
109.119703279204,31.1673997240277
109.601259488627,31.069723191725
110.067926519473,30.9628711197627
110.547121103262,30.8527820473454
111.031555877448,30.7402971064243
111.517951114166,30.6248904057621
112.00420522053,30.5078206247693
112.490346285027,30.3895878798806
112.974835294534,30.2710584806619
113.459156328138,30.1524974176013
113.944803385898,30.0335516943238
114.43058222851,29.9142366205482
114.916177923614,29.7948366280014
115.40171287179,29.675445682466
115.887008322108,29.5561200917855
116.371556175987,29.4372985034147
116.855227426631,29.3197086653496
117.348228688994,29.2000599999071
117.840460527093,29.0796403129001
118.331824393605,28.9591863348804
118.822996989422,28.8389306483811
119.314353036889,28.7188069819068
119.80594426364,28.598840559093
120.297822364909,28.4790944596171
120.79006615195,28.3596062138502
121.282740971789,28.2404436728372
121.775927342578,28.12169277556
122.269692684888,28.0034446059231
122.76413881685,27.8857956222101
123.259365648681,27.7688565260268
123.755726726355,27.6526799049402
124.253399954451,27.5369281906319
124.750748964499,27.4216819811077
125.240548627727,27.3111378221263
125.731926043247,27.2028775528191
126.224407400355,27.0965967425849
126.717709162061,26.9923750740601
127.211892477092,26.890425258374
127.706956054076,26.7904569251451
128.201748963649,26.6907923549788
128.694057060304,26.5925538828788
129.196740267002,26.4980351925946
129.698442624492,26.4096116014125
130.198648450476,26.325616822316
130.697721723958,26.2458776593485
131.195996204984,26.1704541588054
131.693946214865,26.099329357433
132.192635888643,26.0330690899649
132.692953249087,25.9734665915772
133.197006535617,25.9186976246203
133.681540941256,25.8681062331145
134.167387465927,25.8207984398253
134.654072436846,25.7780744778547
135.141159366252,25.7400866676528
135.62858806762,25.7068822411931
136.116333444693,25.6785355249409
136.604471035744,25.6551152299759
137.093347785729,25.6370688017107
137.585366197775,25.6247301011892
138.085364191223,25.6165492415376
138.586257607696,25.6129844243495
139.087269093918,25.6147725188948
139.58545617909,25.6215003578932
140.077761357227,25.6299920198557
140.564851798867,25.6417680897441
141.052509632296,25.6660011125076
141.532919966355,25.7003425392519
142.008691784613,25.7423570194378
142.482422206013,25.7927131885382
142.954595585987,25.8520622784209
143.425762407098,25.920831167962
143.898224394116,25.9999423213559
144.37416433187,26.0932515453541
144.844462264561,26.2023731813983
145.31844107746,26.3222870940831
145.788595256965,26.4536747295492
146.21979307004,26.5870134194364
146.625993901426,26.6861854121944
147.040419945457,26.8103746061095
147.345647791495,27.0921019393181
147.67410709016,27.3658204755895
148.044230944465,27.6580817525928
148.419925439644,27.9891575179235
148.781766482597,28.33432343195
149.134621009368,28.6992418912159
149.431446573391,29.061584495871
149.7099104155,29.3580539805059
150.046359149578,29.5900166497402
150.093953769255,29.9913297797938
150.170477878918,30.3815451420428
150.303861730277,30.8157594116864
150.422063492022,31.3027956333633
150.523947095927,31.7916916993236
150.615468522796,32.2810237828809
150.69945600293,32.7806304620148
150.771236580301,33.2759907609124
150.832359866641,33.7716431708091
150.882615055926,34.2679975266653
150.919592469202,34.7661611394453
150.935433599463,35.2636121728525
150.921190361069,35.7198207939111
150.939213032294,36.105881252508
150.959370661491,36.4782150686763
150.690740201267,36.7690040487028
150.445731716727,37.0754926593744
150.191560422199,37.443117391441
149.891289656757,37.8263401249492
149.586673780528,38.1950179728199
149.2738230235,38.5368457419465
148.949954381341,38.8496966726849
148.6178461346,39.1410764516056
148.269425362701,39.4199481502985
147.895006391287,39.6847124933084
147.49899002935,39.9321535724734
147.111914430705,40.1772927584317
146.736665606479,40.4325988682518
146.346771094292,40.6729905115692
145.933260593782,40.8744874436756
145.504486594799,41.0638469968194
145.062799826104,41.2675707082213
144.606431501895,41.4773339930217
144.143760185918,41.683815397084
143.679389150391,41.8856096512945
143.213879681692,42.0829737451138
142.747302844409,42.2761904656642
142.279723284049,42.4655096899346
141.811202066869,42.6511682294342
141.341797318198,42.8333876611519
140.871563579978,43.0123883886031
140.400552298732,43.1883659637638
139.928811903606,43.3615048422291
139.456388214384,43.531992004392
138.983325164422,43.6999930685018
138.509663554397,43.865666255693
138.035442064179,44.0291597181643
137.560697442047,44.1906243093509
137.085465302543,44.3501926049847
136.609778521723,44.5079920952242
136.13366821909,44.6641424449742
135.657164371113,44.8187681134409
135.180296555936,44.9719773934662
134.703091974182,45.1238757693272
134.225576098091,45.2745634254086
133.747775552944,45.424148345103
133.269716203694,45.5727234850558
132.791421967994,45.7203814980377
132.312917780971,45.8672289291447
131.83423077693,46.0133635287183
131.35538842873,46.1588941289004
130.876436652367,46.3039404849728
130.397383186653,46.4486547662986
129.918289549461,46.5932107219122
129.439340782727,46.7378082510477
128.962057258089,46.8822469635102
128.487981791657,47.0247778762666
128.027102467301,47.1620482290881
127.571950619034,47.3031846519514
127.122766621709,47.4494809162626
126.67793781523,47.6011249460313
126.236116014347,47.7598733941328
125.797504155949,47.9271807234179
125.362484344711,48.1036111640378
124.931083918529,48.2887839639517
124.50314831044,48.4815796193692
124.076728116922,48.6815220835924
123.65020635717,48.8899829019654
123.208447235652,49.1175523184309
122.772527889129,49.3477684939604
122.338098525891,49.5839503166576
121.91915100481,49.8233434772904
121.52576964741,50.052481118713
121.153128035152,50.2803057356951
120.846077754365,50.5300691787531
120.560101400876,50.8375195005138
120.311751247262,51.2124214586406
120.107312775282,51.6155443572705
119.89576088327,52.0278062209875
119.681023613556,52.4670963574584
119.478791137364,52.9218444855446
119.295838833688,53.3722420354142
119.131233056689,53.8015158548589
118.991084173206,54.1933460502567
118.891721515771,54.5984537615981
118.854259420196,55.0425460243318
118.907469292632,55.49487771878
119.000269446572,55.9180984716653
119.09760306365,56.364347283491
119.217998999196,56.814800476557
119.360894725536,57.2634742968059
119.517175355312,57.7046605079357
119.686250746632,58.1408709105097
119.868298002135,58.5716590213112
120.064032403577,58.9963440735745
120.274158066141,59.4140849204227
120.499025922527,59.8240692501152
120.738344993758,60.2257875905711
120.991538791586,60.6198990084008
121.259944662684,61.0091754499815
121.546016694996,61.3941042343178
121.85840970762,61.7929509352485
122.17038839536,62.1889252919527
122.474370252377,62.5729077126477
122.78704180221,62.9595492853345
123.097454096982,63.3231592152461
123.413813729501,63.6760672740888
123.73679553519,64.0204272123091
124.0681438685,64.356417581177
124.406268977054,64.6810447514756
124.747783754903,64.992523063802
125.095869243896,65.2921539755071
125.448563078602,65.5601150246002
125.812535761957,65.7996455621255
126.187889795003,66.0129132412136
126.576265987782,66.2006445733106
126.976235866763,66.3621884713685
127.386493659562,66.4969634673523
127.805832228858,66.6044404841045
128.233770677832,66.6841128228273
128.670234734929,66.738234200968
129.137693303644,66.771795490678
129.608520102259,66.7803347743925
130.079417676786,66.7635920652242
130.548048091871,66.7217190413338
131.016280603027,66.6557305478789
131.48746251905,66.5647583162557
131.961702313744,66.445855004466
132.427782677666,66.313032145309
132.895035822287,66.1793609380842
133.358905326752,66.0425042916487
133.822937126386,65.8983484611624
134.284076220865,65.7499471191315
134.743481946386,65.5978592072552
135.20150161942,65.4418244802476
135.658067805379,65.2815696408817
136.11302967309,65.1168235865253
136.566251178535,64.9473539437628
137.017913258022,64.7734104388493
137.469033502029,64.5950174751061
137.92016451981,64.4116521466619
138.383926803109,64.2189082628017
138.843259545221,64.0278742952917
139.304062292344,63.8360026797541
139.765340460728,63.6432110390346
140.226493576668,63.4499771983101
140.687533997484,63.2564694151112
141.148490329273,63.0628040080851
141.609421711043,62.8690353777611
142.070331155931,62.6752184085848
142.531231486479,62.4813797706389
142.992130626029,62.2875366889052
143.45301733108,62.0937019340579
143.913924876396,61.8998820609864
144.374839951356,61.7060800889803
144.835762484356,61.5122942358188
145.296689968487,61.3185163389366
145.757603298228,61.1247448823872
146.218527102786,60.9309604408737
146.679435028767,60.7371382492641
147.140310917252,60.5432415017853
147.601130494476,60.3492124893137
148.061842382287,60.1549637299746
148.522421144834,59.960360585885
148.982529333233,59.7652941463379
149.441267682801,59.5700894297338
149.898179259874,59.3755936182473
150.365860429632,59.175281063209
150.811652918516,58.978868706002
151.253778299661,58.7787993208429
151.693203466931,58.5747878648425
152.130422797624,58.3660174476417
152.56531060812,58.1523554894358
152.997746491558,57.9338355076552
153.427699375009,57.7104845202298
153.855157840449,57.4823272442952
154.280003324272,57.2493960387003
154.702231705995,57.0117160092823
155.121754312917,56.7693275318627
155.538556944719,56.5222490634281
155.952547331918,56.270519215484
156.363713695389,56.0141625995465
156.771948203214,55.7532180181556
157.177252543851,55.487714962908
157.579556035771,55.2176878395761
157.978890406354,54.943307407611
158.375668084452,54.6647306723558
158.770748209302,54.3813941731118
159.163814944751,54.0924793701095
159.561375041979,53.7945604409865
159.954113766787,53.4997110589508
160.342043087497,53.2055212823031
160.733667057991,52.8948794442006
161.115573144932,52.5778296208274
161.489371438037,52.254074288362
161.855640383197,51.9223612208688
162.214361001637,51.5824747519501
162.565314254457,51.2345772309048
162.908339045472,50.8788564133627
163.243243522467,50.515488628716
163.569866583664,50.1446535221785
163.888047036101,49.7665496158688
164.197623295087,49.3813641570257
164.498418294614,48.9892958523413
164.790303425562,48.5905393951284
165.073508711011,48.1851556848946
165.349128704979,47.7722994318163
165.61639403944,47.3509651601503
165.866051733875,46.9377896701013
166.115323496936,46.5220777403405
166.355391223849,46.1102574624767
166.583789364874,45.6935710192056
166.800646414023,45.2742118575671
167.007145870276,44.8508676721913
167.203113767347,44.4225471364982
167.388398992738,43.9895172303424
167.562947133699,43.5520338722215
167.726614673988,43.1103595660102
167.879279273194,42.6647804519425
168.020899147329,42.215556827929
168.151376396803,41.7629612239363
168.270589169934,41.3072815212044
168.378623202913,40.8482810027059
168.475694319036,40.3850691343888
168.56156106148,39.9172446268814
168.639554151389,39.4428081147177
168.712313445134,38.9656964237279
168.779724460047,38.4860110485913
168.841472150756,38.0049641436772
168.897623344085,37.5232352443173
168.948157024537,37.040880751342
168.992985747403,36.5579650776659
169.032139582034,36.0745550050342
169.065619476422,35.5907270604094
169.093415825031,35.1065241974858
169.11563459423,34.6220426769837
169.132224614826,34.1374747515032
169.142884471575,33.6538239001258
169.147885001894,33.1723071162499
169.14678009464,32.683168310892
169.134411803437,32.2076079193657
169.109887941258,31.7350360473721
169.073597248582,31.2646566867812
169.025307768302,30.7954300694483
168.965043814126,30.3275836321317
168.892849242619,29.8614313636725
168.808752940513,29.3972807835926
168.712843660982,28.9354302438653
168.605163606318,28.4761753274792
168.485770520858,28.0198265235604
168.354768497237,27.5666819699454
168.212307933402,27.117126749156
168.058746218146,26.6693734113382
167.892816624606,26.2216569762088
167.708260464919,25.7606032592365
167.521839375265,25.3065162508205
167.334075663387,24.8502664454509
167.140849324396,24.3851260145396
166.948206465668,23.9361056644142
166.751269274589,23.4912786077248
166.550195873808,23.0495829186242
166.34427648201,22.6102315421713
166.133193170343,22.1733455860739
165.916989693679,21.7389703634531
165.69574254893,21.3071282171646
165.469482403526,20.8781606395819
165.238557186253,20.4535780165741
165.004232866452,20.0346218851188
164.758694259366,19.6094570002535
164.504792057951,19.1980930728149
164.239549900125,18.7981924669816
163.963036989422,18.4086315935535
163.67423464561,18.0284266502745
163.373305764344,17.6577505846021
163.060553621522,17.2969908154098
162.736310945163,16.9465267944634
162.400923965552,16.6067257244969
162.054397289688,16.2769212934257
161.69501481764,15.9555600162558
161.322114334165,15.6443691120055
160.938052818424,15.3381627555264
160.563838112387,15.0414976699482
160.165999189871,14.7397538651914
159.762249927627,14.4491303058499
159.35382494096,14.1686159791326
158.939600486938,13.8976776662262
158.519098133596,13.6365523911054
158.092598274428,13.3853838762426
157.660302952033,13.144313081604
157.222462164232,12.9134701819232
156.779309767567,12.6929851350144
156.331093926975,12.4829763169877
155.8777371893,12.2828251575989
155.417760892051,12.0913752330538
154.94968376254,11.9090256329099
154.478916754226,11.7351731889461
154.014938008452,11.5647142146375
153.547549726966,11.3941284660594
153.07696296019,11.2240999844653
152.602947232814,11.0547186352401
152.128897667878,10.8868881410186
151.654801201554,10.7201343599664
151.18047604978,10.5542900825257
150.70577344741,10.3894508417911
150.230694405192,10.2257307953861
149.755196006967,10.0632656599742
149.279239664616,9.90215829421876
148.802812095824,9.74244719855167
148.325914242663,9.58414603706557
147.848546611946,9.42722635765083
147.370719371256,9.27169984548588
146.892452079221,9.11758511481566
146.413719057519,8.9648674548499
145.934590979638,8.8135588768476
145.454958586062,8.66364621413539
144.974905632478,8.51508010989273
144.494291768658,8.36768141118125
144.012838779665,8.22139166235538
143.532041760083,8.07667109180853
143.054023186578,7.93309775632002
142.575515530918,7.78941239006816
142.096636402418,7.6458137563085
141.617664205878,7.50235452603718
141.13864724965,7.35899607846825
140.659626386125,7.21570208140936
140.180593472968,7.07244677015491
139.701538890531,6.92921410016526
139.222496679931,6.78599324705589
138.743452213124,6.6427787235737
138.264392113751,6.49956449588574
137.785348457861,6.3563500009355
137.306289964518,6.21313040483232
136.827246775945,6.06990734280969
136.348190540365,5.92668115277681
135.869151189741,5.78344914559357
135.390112195454,5.64021206177244
134.911059944361,5.49697255212656
134.432025511886,5.35372684522367
133.952991456861,5.21047656333425
133.473943364941,5.06722315054505
132.994912439454,4.92396514840391
132.515866842075,4.78070339692943
132.036836525278,4.63743787745535
131.557792509848,4.49416931122462
131.078764766107,4.35089888549637
130.599737334556,4.2076242935649
130.120695043169,4.06434779503023
129.641670279018,3.92107015086073
129.162645735605,3.7777880732895
128.683621095289,3.63450532943933
128.204583212146,3.49121957884173
127.725561395025,3.3479311298792
127.246531875533,3.20464018281693
126.767502652458,3.06134840039307
126.288474301184,2.91805383462716
125.80944646058,2.77475822900868
125.330426700253,2.63145987603727
124.851399485455,2.48816004407885
124.372373123904,2.34485901740945
123.893347840082,2.20155528233369
123.41433033371,2.05825015808659
122.935305853604,1.91494312853362
122.456282179458,1.77163386932477
121.977258777784,1.62832328191504
121.498235465295,1.48501035814117
121.019212928613,1.34169616398125
120.54019837545,1.19838102447334
120.061176521556,1.05506483430969
119.58215463043,0.911748863811387
119.103132404926,0.768433915866383
118.624109187851,0.625122139359188
118.145091661685,0.481816938075226
117.666063277789,0.338522814946406
117.187029381245,0.195246737992007
116.707986617827,0.0520001581972132
116.228930012889,-0.0911997702530677
115.749883319748,-0.234320658275872
115.270933729758,-0.377317713915883
114.792209319374,-0.520220054929572
114.312408261157,-0.663330141151552
113.831530302957,-0.806170496698563
113.350696873736,-0.948312419147836
112.869799065586,-1.08977435324385
112.388736124847,-1.23059762525722
111.907451118795,-1.37068813652913
111.425964621706,-1.51007215579703
110.944280355816,-1.64875386768559
110.462392128558,-1.7867031933648
109.980298770401,-1.92394859361792
109.497999993078,-2.06049040299558
109.015502612347,-2.19632879187927
108.532791847755,-2.33146355181214
108.049903224922,-2.46586276984075
107.56681241557,-2.59955765834263
107.08351830368,-2.73254982757488
106.600022012851,-2.86480937175809
106.116354373727,-2.9963641694569
105.63247843946,-3.12721393465392
105.14840815319,-3.25736220028364
104.664153611227,-3.38677559616711
104.179697057754,-3.51545383729021
103.695058849331,-3.64345886716583
103.210239923268,-3.7707312547877
102.72523428693,-3.89729754224867
102.240028539053,-4.02314836342223
101.754672648168,-4.14836210332724
101.269142190734,-4.27301364694629
100.783342242198,-4.39726668839601
100.297175402095,-4.52104691351679
99.8121416348624,-4.64417795704652
99.3278929044441,-4.7671747031532
98.8434202649514,-4.89027464936056
98.3588202877453,-5.01337273301557
97.8742077986999,-5.13645403869687
97.3895941821052,-5.25953291320922
96.9049756403509,-5.38262280112644
96.42037030749,-5.50573254846126
95.9357712790204,-5.62887109967259
95.4511736801277,-5.75204428248049
94.9665946843712,-5.87525902588007
94.4708572971977,-6.00133401030262
93.9862935065157,-6.12464754796018
93.5017899648334,-6.24800755322177
93.017348443279,-6.37146433480762
92.5320992923976,-6.49524443839221
92.0469979294084,-6.61886223140182
91.5622855164038,-6.74242388016389
91.0786379756431,-6.86564997412955
90.5978046185622,-6.98836031265065
90.1168163397814,-7.11137849510055
89.6357716596905,-7.23456441670654
89.1548934047753,-7.35784594499577
88.6743015765509,-7.48132153896904
88.1902232470555,-7.60588317770825
87.7047653074447,-7.73068722296393
87.2204398497973,-7.85521000190033
86.7362155285156,-7.97980529737102
86.2520141089172,-8.10449139302905
85.7678280403905,-8.22926328358435
85.2836726106923,-8.35412149299055
84.7995315029762,-8.47906589427811
84.3154194750452,-8.60409450758944
83.8313216082481,-8.72920735623536
83.3472525578985,-8.85440339984374
82.8631974449762,-8.97968281383022
82.379171774703,-9.10504525827732
81.8951602589142,-9.23049381944669
81.4111777873704,-9.35602459232299
80.9272103470176,-9.48164033603494
80.4432728656955,-9.60734240016875
79.959357087533,-9.73313143444314
79.4754097556301,-9.85901938291593
78.9913480020499,-9.98497561919358
78.5071808978974,-10.1108923899468
78.0244895225482,-10.2365428704193
77.5416814055687,-10.3624624336622
77.0587846156785,-10.488507673413
76.5758535044566,-10.6146593411589
76.0929512151724,-10.7408354037768
75.610041257779,-10.867062300421
75.1271779427594,-10.9932392265899
74.6444654752663,-11.1193714593894
74.1616270281884,-11.2455240238183
73.6777512310316,-11.3715991543199
73.1949119107169,-11.4971021723112
72.7135509380841,-11.6225209603112
72.2213481485263,-11.7497918125489
71.7290036701493,-11.8740082873246
71.2369880592956,-11.9952127534287
70.7446643352373,-12.1134241669207
70.2515424160875,-12.2283032501519
69.7575962109991,-12.3395470659112
69.2628440238245,-12.4471211457054
68.7672928337365,-12.5510170341494
68.2709974435587,-12.6512220462949
67.7739573680802,-12.747740120638
67.2762223708913,-12.8405576399068
66.7778109331095,-12.9296681474905
66.2786276734456,-13.0153600792597
65.7781514401643,-13.0979642917306
65.2758630086461,-13.1773330476577
64.7800527516439,-13.2528220572765
64.2875179240815,-13.3275392569051
63.793733796098,-13.4019945425671
63.2994034165257,-13.4756336873865
62.8056668447113,-13.548414400837
62.3130639695972,-13.6207547264588
61.8128536528366,-13.6933142508049
61.3104946791009,-13.7630623562658
60.8087445909901,-13.8297117745519
60.3070796228329,-13.8933942802927
59.8050536454583,-13.9538860459465
59.3026276851255,-14.0110290819813
58.7998373995755,-14.0648232445875
58.2967048874348,-14.1152695939786
57.7932382457669,-14.1623655884229
57.2894786098082,-14.2060985392633
56.7854366791332,-14.2464837943382
56.2808545706652,-14.2837346889427
55.7752001965847,-14.3179281872519
55.2681567974514,-14.3488679864982
54.7708112749322,-14.3772852123412
54.2655253690661,-14.4059900083726
53.7669592079507,-14.4339811736913
53.2656428333821,-14.4616599784332
52.7635502067889,-14.4888080747531
52.2615625766517,-14.5155738682901
51.7595971099191,-14.5420448816913
51.257602027344,-14.5682886021877
50.7571478814525,-14.5943812737957
50.2551459736911,-14.620467023037
49.7531550653714,-14.6464722038938
49.2511253961353,-14.6723723690152
48.7489389672306,-14.6982218729977
48.247716314881,-14.7238335140766
47.7486699658316,-14.7494899215027
47.2546094490883,-14.7750675780454
46.7552899720704,-14.8009495853055
46.2559536787528,-14.8268853217251
45.7566240820006,-14.8528830014045
45.2572938875909,-14.8789530559609
44.7579673359901,-14.9051007863632
44.2586485503392,-14.9313333071785
43.7593241347183,-14.9576520206824
43.2596872184903,-14.9840613149157
42.7636391536837,-15.0100081575823
42.2649241657178,-15.035198674517
41.7576859928145,-15.0610648286649
41.2495138470972,-15.0877106635076
40.7413299671972,-15.1143853885742
40.2350777671683,-15.1413896798067
39.731851433702,-15.170093489399
39.2239103529341,-15.1982159448802
38.7183693588691,-15.2220813306326
38.2148490014988,-15.2426077620072
37.7112351420143,-15.2600528745479
37.2063965595324,-15.2732432733348
36.7128853657037,-15.2816523162373
36.2194210611037,-15.2895936111564
35.7244137034975,-15.2950318337252
35.2184873349257,-15.2950637774188
34.7211694715867,-15.2948923110734
34.222331010137,-15.2948239544634
33.722428155732,-15.2941341568277
33.2224305606042,-15.29297726533
32.7224301004961,-15.2915225318316
32.2224340526957,-15.2898823764231
31.7224364677482,-15.2881255010587
31.222437190539,-15.2863013263324
30.722441842966,-15.2844408473554
30.222444640937,-15.2825641594219
29.7224493568011,-15.2806860797202
29.2224521486361,-15.278810971091
28.7224549075748,-15.2769458143803
28.2224595334272,-15.2750936505529
27.7224622059906,-15.2732562025144
27.2224648265729,-15.2714362437492
26.7224693047654,-15.2696302818337
26.2224718259168,-15.2678402099742
25.7224742959075,-15.2660658044897
25.2224786242645,-15.2643067252552
24.722480997569,-15.2625644796744
24.2224852318664,-15.2608348311561
23.722487513799,-15.2591192679198
23.2224897509021,-15.2574173896771
22.7224938538992,-15.255728824204
22.2224960091561,-15.2540551462884
21.7224977797228,-15.2523922442661
21.2225017621648,-15.2507413934975
20.7225041400593,-15.2491031527647
20.2225061352195,-15.2474788842435
19.7225100006247,-15.2458646598702
19.22251192178,-15.2442623237094
18.7225138028157,-15.2426718566906
18.2225175542667,-15.2410932879236
17.7225193611763,-15.239528605903
17.222521128304,-15.2379741220398
16.7225247646212,-15.2364319199201
16.222526453613,-15.2349022262
15.7225300074626,-15.2333853147084
15.2225335194233,-15.2318834173588
14.7225350809433,-15.2303930959764
14.2225375511351,-15.2289166847452
13.7225390222086,-15.2274546636207
13.2225413998048,-15.2260075668446
12.7225437283677,-15.224577890476
12.2225450510663,-15.2231624658576
11.7225472730032,-15.2217639031898
11.2225494396946,-15.2203829679893
10.7225505931803,-15.2190204890782
10.222552637955,-15.2176792669112
9.72255461889867,-15.2163564509402
9.22255557684299,-15.2150549852791
8.72255741613256,-15.2137759806464
8.22255918118264,-15.2125206312763
7.72255895919736,-15.2112921227045
7.22256055996036,-15.2100880074551
6.72256159624538,-15.2089116548595
6.2225630156396,-15.20776462894
5.72256385805451,-15.2066485967266
5.22256507283091,-15.2055672466985
4.7225656999515,-15.2045186638237
4.22256620964451,-15.20350678093
3.72256707198438,-15.2025337565029
3.22256732635322,-15.2016018901999
2.72256767963885,-15.2007155380798
2.22256764650948,-15.199873490616
1.72256793376064,-15.199080426637
1.22256781678964,-15.1983392917712
0.722567225691409,-15.1976532139623
0.222566671419546,-15.1970274185873
-0.277434160567829,-15.1964616082273
-0.777434939482343,-15.1959612466088
-1.27743604966583,-15.195530784636
-1.77112071027184,-15.1951945505931
-2.27112285003666,-15.1949152447539
-2.77117468525667,-15.1947197846255
-3.27136175270348,-15.1945519296163
-3.77140226335813,-15.1943228165277
-4.2682300030623,-15.1942980830702
-4.7657847493743,-15.1946748854443
-5.26606145859745,-15.1951240751157
-5.76621086030247,-15.1955518954786
-6.26633703695673,-15.196050379453
-6.76660926301042,-15.1965663440239
-7.26505981746507,-15.1970501062059
-7.76197924710372,-15.1978726275213
-8.25936850258195,-15.1991294087123
-8.759686678651,-15.2004399574795
-9.25983155558611,-15.2017466742183
-9.75985515689924,-15.2031619328414
-10.2510764359445,-15.2047113071747
-10.7510732879376,-15.206413682195
-11.2511240246225,-15.2082662337814
-11.7513168339171,-15.2102097480261
-12.2514063186869,-15.2121388949459
-12.7501964200338,-15.214273617577
-13.24915246112,-15.2167198350686
-13.748220415042,-15.2193838825838
-14.2473142550403,-15.2221968340651
-14.7464068051828,-15.2251594641089
-15.24549391702,-15.2282636157863
-15.7445802567406,-15.231534183049
-16.2436775086905,-15.2349558026058
-16.7427766987801,-15.2384321335105
-17.241856616806,-15.241996360317
-17.7408447288026,-15.2456177182329
-18.2396730083482,-15.249276298071
-18.7394072573663,-15.2528976166291
-19.2396461065048,-15.2560217948536
-19.7397374114088,-15.2584653178959
-20.2390414709029,-15.2599081278327
-20.7358803998893,-15.260577974362
-21.2292080795349,-15.2615721247528
-21.7252103201909,-15.2595482832311
-22.2205124559975,-15.2491223919159
-22.7128169220704,-15.2307652599612
-23.2036637549632,-15.2043501198819
-23.6939022811331,-15.1688792531273
-24.1833556254612,-15.1238826713803
-24.6718418236545,-15.0693807441935
-25.1591772885404,-15.0053898380324
-25.6451756651617,-14.931937724984
-26.1296545565653,-14.8490510859587
-26.6124323361556,-14.7567635144998
-27.0934643880043,-14.6557409452182
-27.5728611232349,-14.5470723908936
-28.0508925618635,-14.4321132199736
-28.5279884968643,-14.312382919384
-29.0047360882178,-14.1895038329459
-29.4816780573097,-14.0645429264053
-29.9593367347551,-13.9381898382659
-30.4382044512704,-13.8108981970848
-30.9187734414782,-13.6829718850688
-31.401533892463,-13.5546298014532
-31.8870687437768,-13.4260137801527
-32.3764195953958,-13.2969394324166
-32.8698285675906,-13.1660962596047
-33.3599606877736,-13.0354948094081
-33.8525974144594,-12.9076952181004
-34.3491878658364,-12.7836075952955
-34.8479426252748,-12.662387789031
-35.3482188971825,-12.5440712345699
-35.8498198134495,-12.4292054084688
-36.3492322867482,-12.3186886245029
-36.8372661317298,-12.2096581746539
-37.3022291580146,-12.1066924128223
-37.7664301016332,-12.0243749941543
-38.2154921210793,-11.9647536439335
-38.65239725488,-11.9197610613368
-39.0844785340237,-11.8883180671314
-39.5155584188569,-11.8711871635778
-39.9479991113695,-11.8687484996043
-40.3841586558266,-11.8809563723132
-40.8267082247522,-11.9074055003654
-41.2790450310078,-11.9470987350527
-41.7471996235832,-12.0008187667892
-42.2361824195753,-12.075010440494
-42.73727913734,-12.1795866957342
-43.2385216057363,-12.2993601279085
-43.7474421814027,-12.4044040507907
-44.2518334421421,-12.4996514784005
-44.7441573198373,-12.5903549155526
-45.2266371078277,-12.6777633466831
-45.7009187399025,-12.7622362849925
-46.1685765624118,-12.8438931539037
-46.6311165747973,-12.9226167005813
-47.0900087319325,-12.9979438192981
-47.5466561109339,-13.0688964279664
-48.0023630625713,-13.1337541006057
-48.4582619200284,-13.1896932852695
-48.9149890926294,-13.2338146489394
-49.3727132273856,-13.2634922498442
-49.8311654482031,-13.2765809449055
-50.2897710468595,-13.271700654508
-50.7478357210525,-13.2486657965867
-51.2048729594537,-13.2076250263694
-51.663089454927,-13.1493486173782
-52.1249453447683,-13.0721835013823
-52.5896421721097,-12.9759934029543
-53.0650738565013,-12.8731789124515
-53.5513701041143,-12.7671943801572
-54.0470679296659,-12.6541817296398
-54.541104632719,-12.5368968012492
-55.0335373830937,-12.4163964377735
-55.5250292386544,-12.2927796553422
-56.0157618740176,-12.1661698023104
-56.505798529965,-12.0368401365703
-56.9952587220703,-11.9052288427051
-57.484336847955,-11.7719913883839
-57.9732376102263,-11.6377227596964
-58.4621221722948,-11.5028107554158
-58.9511347890485,-11.3675370394251
-59.4403899575762,-11.2321001431297
-59.9300217210784,-11.0966524612607
-60.4201312636075,-10.9613299963712
-60.9108486462532,-10.8262440254083
-61.4022823505456,-10.6915123332945
-61.8945639282979,-10.5572486727838
-62.3878288479733,-10.4235792432459
-62.8822915794798,-10.290601283299
-63.3789091966608,-10.1580200937199
-63.8777980505084,-10.0238988633773
-64.3669175976857,-9.89101491096094
-64.8499864415849,-9.76501809275261
-65.3352868568227,-9.64381215896864
-65.8208147593988,-9.52567104378909
-66.3056220549868,-9.41031792561872
-66.7897903816821,-9.29784353241273
-67.2735319567073,-9.18828805271374
-67.7570335084859,-9.08168496913599
-68.2404944864044,-8.97806185795191
-68.7240907641497,-8.87742814132462
-69.2080136516406,-8.77977966130748
-69.6924116429843,-8.68509900484911
-70.177467851936,-8.59335374700337
-70.6633259611716,-8.50449643748014
-71.1501603617129,-8.41846467768836
-71.6381401172264,-8.33517656928332
-72.1274307811735,-8.25453558970976
-72.6181966091808,-8.1764295780096
-73.1106250240158,-8.10073302493465
-73.6044826161606,-8.02738365787181
-74.0991861324477,-7.95763966203582
-74.6054788412313,-7.89243682142256
-75.107107263423,-7.8268254009169
-75.6076944651781,-7.76036903500541
-76.1074218272722,-7.69443203127646
-76.6068174966758,-7.62891395764729
-77.1031522884725,-7.56338678541044
-77.5917375481496,-7.50112278472952
-78.0739659739022,-7.44509725286808
-78.5375256014896,-7.37965112148913
-78.9879171789053,-7.30124777147859
-79.4284420921752,-7.21138047202641
-79.8636073030264,-7.10664308025876
-80.2934456485453,-6.98320026850637
-80.7164709730209,-6.83837827603177
-81.1309581403677,-6.67072867388858
-81.5355152453431,-6.48034941596102
-81.9288768454593,-6.2678263380881
-82.3098579340649,-6.03381489425311
-82.6772719803915,-5.77903328044778
-83.0299934581867,-5.50426669850553
-83.3669132255904,-5.21036223370343
-83.6870435634078,-4.89822164497187
-83.9893484110444,-4.56880818578205
-84.2729319134525,-4.22313639478758
-84.5369088184466,-3.86226771480631
-84.7804456953519,-3.4873148365419
-85.0028311724473,-3.09943520622254
-85.2033593495704,-2.69981613723016
-85.3814121408198,-2.28968889068571
-85.5377952880994,-1.87077825412213
-85.6746286866149,-1.44484568882259
-85.7949843356553,-1.01327458767182
-85.9025840769927,-0.576800164023166
-86.001627223737,-0.135336052830803
-86.0951817566798,0.312227405236341
-86.185248295589,0.767707627238373
-86.2731429531788,1.23339457674394
-86.3595474627478,1.71286064310387
-86.4423526531821,2.20959691408647
-86.5148753182591,2.7214660792266
-86.5777493173174,3.2318741907677
-86.6405552959519,3.75786594843291
-86.7302551115898,4.24978080087106
-86.8343725409892,4.71824217202497
-86.9462213670401,5.16515541410004
-87.0660870162692,5.59702062412878
-87.1951524434311,6.01640046748774
-87.3352028910618,6.42537020671445
-87.4889551399097,6.82503765585237
-87.6604021812298,7.21504087296845
-87.853065407614,7.59387839633992
-88.0696064441522,7.9591685906242
-88.3115580417621,8.30804324945312
-88.5790869963445,8.63770018437423
-88.8707573097421,8.94620903377563
-89.1849040156378,9.23180580420347
-89.5197170010711,9.49286054622565
-89.8727312820791,9.72879771627326
-90.2410590025919,9.94049170675743
-90.6220535601199,10.1300590503167
-91.0136750958822,10.3008029589157
-91.4165606219607,10.4575809392672
-91.8369816795229,10.602922258089
-92.278879455338,10.7316115698518
-92.7429409206163,10.8485864240477
-93.2230025252028,10.9717533329606
-93.7118530136859,11.0948502730095
-94.2039725309682,11.2130315053908
-94.6965410440322,11.3264120423005
-95.1894638841086,11.4353291098063
-95.6827260174888,11.5400666626051
-96.1762919411338,11.6408824670323
-96.6701581482731,11.7380130253558
-97.1642919074497,11.8316757440008
-97.6586846511414,11.9220784812697
-98.1533288681577,12.0094092612788
-98.648202868247,12.0938455533282
-99.1432859325046,12.1755540696606
-99.6385732039785,12.2546909721593
-100.134053013569,12.3314018763505
-100.629722199152,12.4058217480081
-101.125562985385,12.4780827147375
-101.62155796362,12.5483032455849
-102.117705972289,12.6165954416709
-102.6140066393,12.6830654229882
-103.110436496024,12.7478124067529
-103.607003302841,12.8109285139686
-104.103685095147,12.8724983612953
-104.600483084823,12.9326065929693
-105.097398706272,12.9913267331027
-105.594411336931,13.0487287627213
-106.091531442067,13.104878597428
-106.588738486594,13.1598374841293
-107.086035411803,13.2136615491971
-107.583425908155,13.2664012579253
-108.080890875697,13.3181088050324
-108.57844179051,13.368826847255
-109.076060407732,13.418595976031
-109.57375185331,13.4674540829588
-110.071520529426,13.5154356427299
-110.569348494558,13.5625711816803
-111.067249047696,13.6088866499894
-111.565204956139,13.6544107240696
-112.063221839932,13.6991634679305
-112.56130609196,13.7431637496256
-113.059441726188,13.7864285632883
-113.55764215254,13.828972371952
-114.055890970025,13.8708061368183
-114.554203122256,13.911937453866
-115.052562685195,13.9523774400545
-115.550976576711,13.9921297362231
-116.049452387537,14.0311982477764
-116.547975081463,14.0695869919887
-117.046559039459,14.1073001881299
-117.545188319801,14.1443430438659
-118.043870066015,14.1807231768609
-118.542610582935,14.2164610848351
-119.041392143366,14.2515836786742
-119.54022627462,14.2861392120664
-120.039091880701,14.3202077920142
-120.538039643579,14.3539271114513
-121.038454158389,14.3876976943321
-121.542141132248,14.4242418914289
-122.062960261862,14.4678480864256
-122.57006193714,14.5093235403178
-123.078180092898,14.5489219276269
-123.577562780245,14.5853037517378
-124.065321139744,14.6122301578352
-124.523137105573,14.6499076804291
-124.990474224532,14.7166113350044
-125.445170202206,14.806790697685
-125.900521377794,14.9246941326055
-126.35536994728,15.0735051846322
-126.804063257273,15.2283629691692
-127.263558373118,15.3884544528827
-127.728630222456,15.5552890494853
-128.184948194714,15.7251348064013
-128.627085073185,15.8994305749402
-129.064080391225,16.0827683589494
-129.495180275696,16.2742820514786
-129.921507160408,16.4750326602414
-130.343439895548,16.6854787064879
-130.762170579938,16.9061893808446
-131.177731231018,17.1378308313449
-131.598632724185,17.3847881990175
-132.019211264617,17.6377706277382
-132.439052872761,17.8923547259092
-132.838851222507,18.1445902842872
-133.228915011695,18.4123726666719
-133.60757613489,18.7011247232239
-133.967857325658,19.0058116200295
-134.310734678206,19.3274023564241
-134.63639093304,19.6658666342543
-134.946208362069,20.0194612859898
-135.24277715626,20.3867331105251
-135.52895840597,20.7681190332677
-135.802700991171,21.1583666783038
-136.069076759884,21.5560449141884
-136.343562025405,21.9730849626466
-136.618750553743,22.3877585530628
-136.893868962355,22.8044389114848
-137.176178644806,23.2365686224186
-137.45480675422,23.6602360217408
-137.73401627271,24.0814160919289
-138.014288702339,24.5022520824443
-138.295121373604,24.92238766308
-138.576589457409,25.341792283815
-138.85882326984,25.7606491191343
-139.141867174697,26.1790367454033
-139.425607902808,26.5965068258877
-139.711076414311,27.0132163696478
-140.002817027079,27.4355631393563
-140.284710562783,27.846006071758
-140.568073645184,28.2616990404356
-140.848115304192,28.6771307587394
-141.123119300665,29.0888658471801
-141.39426670228,29.4932627611187
-141.658625403126,29.8915576677614
-141.903168414139,30.2898727038066
-142.10685903744,30.6730706645874
-142.2749188138,31.0583744235278
-142.406342524407,31.4548439804445
-142.497166193965,31.8599432358126
-142.544963668391,32.2713569321839
-142.54947709523,32.6852032223571
-142.510677181301,33.0972576986626
-142.428986212532,33.5029895893372
-142.305299845815,33.8979492029199
-142.14100094356,34.2778118376786
-141.937846219436,34.6384009021542
-141.698119422071,34.9757737327904
-141.42388047227,35.2867475484023
-141.117161132727,35.5684567638674
-140.779918977826,35.8185276350033
-140.422473211168,36.0322736642223
-140.040563525844,36.2193732026222
-139.617837347864,36.3925408521182
-139.180338214358,36.5511899112902
-138.72298784707,36.7121593336436
-138.255736724403,36.8740090158403
-137.78274677516,37.0335550012262
-137.307918446777,37.1901606578469
-136.832511444715,37.3442755525464
-136.357506367056,37.4962068479061
-135.883637589775,37.6465877692471
-135.40292931338,37.797673261104
-134.9381751563,37.9396015752675
-134.46568197727,38.0774180115353
-134.011036251741,38.2009330300493
-133.547069169307,38.3149416640006
-133.075769041328,38.4153398370339
-132.602644327203,38.4994237493064
-132.127795791508,38.566944951657
-131.651160327651,38.6179919964502
-131.173051405621,38.6525242257843
-130.694025905826,38.6705140513033
-130.214672237147,38.6719324591714
-129.735545027186,38.6567871326062
-129.257219648989,38.6250844717915
-128.780301927619,38.5768680277646
-128.305301853192,38.51220257288
-127.832853231953,38.4311515768966
-127.36348697716,38.3338199330491
-126.897751609199,38.220325517403
-126.436184816618,38.090783562546
-125.978915835905,37.945215917018
-125.526141633932,37.7836074965271
-125.078651779101,37.6066428269371
-124.642096972,37.4190325269648
-124.191266293581,37.2126464443914
-123.749905161589,37.0012557517853
-123.316914120884,36.7878349684839
-122.86985332935,36.5637973885869
-122.425630147272,36.339824937662
-121.980479634369,36.113772833536
-121.535630142989,35.8857397657554
-121.092288996451,35.656043032235
-120.652086738635,35.4256514464267
-120.214056666119,35.1949267982401
-119.78621497661,34.9654347340249
-119.371919710413,34.7327669942073
-118.976494513777,34.4948872849009
-118.586886614392,34.2406942522986
-118.208725330811,33.9743127366714
-117.839749568758,33.6965015565456
-117.477844380429,33.4089805134273
-117.120370472921,33.1137961508985
-116.764796654659,32.8125447507614
-116.409044954314,32.5057864122871
-116.051267371378,32.193381860517
-115.689888452177,31.8747994268233
-115.323056652214,31.5485069460283
-114.950086001264,31.2125884574397
-114.564368980499,30.853394328539
-114.172095882296,30.4826105396155
-113.789736199832,30.1318719317572
-113.407710285431,29.7767300691587
-113.03567476143,29.4386401790975
-112.670009908,29.1357571654851
-112.307658512024,28.877418993678
-111.951672846685,28.6552024340693
-111.595628954923,28.4606141136119
-111.230295685477,28.2933468332018
-110.846813425654,28.1550179614213
-110.449119672148,28.0542772562168
-110.015704931783,27.9851094617172
-109.551810159119,27.9337258087385
-109.077455158132,27.8899934021485
-108.598445562395,27.8532765554182
-108.125900644661,27.8270039880736
-107.652921524094,27.8153645430218
-107.207912778388,27.8262305105141
-106.764421123996,27.8647070671952
-106.330125110119,27.9304118895212
-105.902797301084,28.024228594355
-105.483563843905,28.1474456466488
-105.074124389092,28.3000603920203
-104.675856411114,28.4810391813235
-104.288681101397,28.6889257006874
-103.910319589113,28.9249219838758
-103.544838978933,29.1870179797979
-103.172108395175,29.4842003624759
-102.815394079438,29.7879060348802
-102.462797369512,30.0988115145065
-102.143789088304,30.3958450445878
-101.857209183087,30.7061329187367
-101.633151526849,31.0309246257657
-101.469011207467,31.3688748794089
-101.359183534602,31.7185777398016
-101.304250792102,32.0806964835897
-101.301529403069,32.4537268663908
-101.353902928743,32.8402135951921
-101.465342415764,33.236360531737
-101.61710352313,33.6440054102905
-101.792254824404,34.073188522634
-101.982763032589,34.5203937922788
-102.185795732982,34.9734170477919
-102.398760906439,35.4248261864203
-102.618629339863,35.8717215803668
-102.841493077647,36.3103816394245
-103.072785721455,36.7524281862255
-103.301530610097,37.1729748089839
-103.538541890609,37.5912642232659
-103.776911605721,37.9902097274331
-104.022212710109,38.3806555788203
-104.27469620842,38.7646595082561
-104.534985289115,39.1434812219246
-104.803038201319,39.5174154887696
-105.078545044045,39.8868803683506
-105.361064770981,40.2525373301135
-105.650422315053,40.6149428437789
-105.946618439049,40.9745809871846
-106.249868591984,41.3320535144696
-106.561346543891,41.6882704784733
-106.883955416114,42.0442433963113
-107.227305728568,42.4074536754168
-107.572365443468,42.7654087097271
-107.935407602541,43.1314852013316
-108.29261938406,43.4895875788281
-108.657543014867,43.8494381760791
-109.028831450235,44.2097009042209
-109.384808057148,44.5547393763317
-109.745330607294,44.8995400520323
-110.107266913802,45.2422600995559
-110.469943631713,45.5821261517088
-110.83358374581,45.919223993317
-111.198383967437,46.2537832117549
-111.564479034783,46.5860240589221
-111.932016362797,46.9161586302362
-112.301183830209,47.2443591328314
-112.672169497,47.5707829334379
-113.045183525556,47.8955904549487
-113.420447970104,48.2189024091653
-113.798208670709,48.5408429242771
-114.178686096861,48.8615650466758
-114.562002681637,49.1813022676082
-114.946287769805,49.4981572832163
-115.34763582986,49.8288648523732
-115.74841874202,50.1536548634207
-116.148920963601,50.4717109661445
-116.550702120657,50.7835661501081
-116.949851921291,51.0847360637015
-117.351127244492,51.3856055982966
-117.738853288469,51.6783025724885
-118.129188022012,51.9630843490321
-118.5199764967,52.2235483725267
-118.908335224267,52.4659256111231
-119.299279524209,52.6954329156027
-119.699520915791,52.9107172435349
-120.09577050178,53.1046332208912
-120.503448938769,53.2883212014194
-120.920828241352,53.4578797855547
-121.349045182199,53.6130393496328
-121.789339292682,53.7525455251403
-122.240395759917,53.8757423681634
-122.69851696287,53.9972065763408
-123.167572357621,54.1164301961236
-123.640971753275,54.2276296453884
-124.115571168011,54.3312347382084
-124.591408277274,54.4281335891768
-125.068722963292,54.5186577663667
-125.548159272366,54.6030813260661
-126.030275360998,54.6806857674753
-126.517350373613,54.7509963136015
-127.00170799602,54.8173118621816
-127.497266981544,54.8803079193177
-127.993750926194,54.9367036334141
-128.490443179382,54.9869721214368
-128.987512033625,55.031543269301
-129.485175800047,55.0704646167305
-129.983362073111,55.1037725731087
-130.482012297426,55.1314948005589
-130.981142075718,55.1536306698465
-131.480730231261,55.1701034635186
-131.982540941147,55.1809777079093
-132.484496111077,55.1866936699865
-132.986664187765,55.1870410813432
-133.48888518203,55.1819555793656
-133.991063233623,55.1715166818745
-134.493208359039,55.1557493571363
-134.995186986956,55.13466559702
-135.49700432549,55.1083054638373
-135.998987861427,55.0766621369309
-136.501509440896,55.0389932512628
-137.008066847654,54.994087444617
-137.502729100582,54.9463480545473
-137.9969520492,54.8963165241982
-138.496642253373,54.8411791368254
-138.99266298981,54.7793025998508
-139.486888461887,54.7116853431444
-139.979909281395,54.6389346138793
-140.472070338774,54.5609767846383
-140.963320701447,54.4778181135798
-141.453632596626,54.3894563476309
-141.942942528958,54.2958790134156
-142.431169909999,54.1971051877752
-142.918308708605,54.093135295545
-143.40426245273,53.9839837763653
-143.88881962896,53.8696947733038
-144.372029576749,53.7502218252105
-144.85389748171,53.6255661327469
-145.33441893031,53.4957563001999
-145.813524804941,53.3607949189328
-146.291155234267,53.220701368523
-146.767281472165,53.0754902627247
-147.241818333004,52.9251953609462
-147.714973616543,52.7697747292662
-148.187078541412,52.6088053351879
-148.658200197116,52.4410937494143
-149.117356568276,52.2707599991052
-149.58319600289,52.0941705730917
-150.048361427873,51.9131554583057
-150.511258665307,51.7278538159672
-150.971242060856,51.5399870752754
-151.430691550281,51.3474432510273
-151.881176269829,51.1498481393876
-152.32726649103,50.9469419989736
-152.770109238078,50.7392736669286
-153.210231018524,50.5265658689419
-153.64760760204,50.308778673392
-154.082146738119,50.0859060604354
-154.513831062818,49.8579314871748
-154.942604480545,49.6248537924537
-155.368742254682,49.3864953764058
-155.792857634257,49.1418778487327
-156.214301600662,48.8896459453823
-156.629928836798,48.6337694456655
-157.046595561013,48.375670448031
-157.461264831588,48.1121652706144
-157.870095411249,47.8425329553803
-158.273557493764,47.5681226307304
-158.672797216651,47.2887497326745
-159.068012420026,47.0040311654518
-159.458975481111,46.7137509456103
-159.845053615155,46.4177266229524
-160.224174615498,46.1172361453225
-160.602660396048,45.8101934050353
-160.975612863856,45.4989910281613
-161.324382539071,45.1842186655886
-161.657447707858,44.860212850055
-161.976815651923,44.525879657372
-162.283295101462,44.1783427750646
-162.575550048777,43.8168524949139
-162.852231368579,43.4428988766232
-163.118609586782,43.0578857458071
-163.365939520575,42.6702732575096
-163.59451211721,42.2730529160851
-163.804204755028,41.8677244853251
-163.995484967222,41.4536547779092
-164.168016738748,41.0313034635737
-164.322663385283,40.5979450267841
-164.456476134664,40.1653688245439
-164.570151929983,39.7280095286088
-164.664874572152,39.2866586638737
-164.742381676271,38.8409161604136
-164.803513348445,38.3868074096022
-164.844858261644,37.9218191729571
-164.868118870722,37.4342874507269
-164.88107535977,36.9751284955642
-164.914210891922,36.5388561177969
-164.959347206851,36.0982974588567
-164.846002888044,35.6749292129828
-164.74690443857,35.2410706482486
-164.655406372597,34.7712310923728
-164.542425667227,34.2817186663973
-164.419253971271,33.7956394524834
-164.288062464222,33.3122501870277
-164.149979111078,32.8311785857899
-164.005699788545,32.3521851062041
-163.855688288094,31.8751213550882
-163.70030924562,31.400027561081
-163.540198227652,30.9272042005779
-163.376933371525,30.4578906799714
-163.205986693838,29.9776311312915
-163.035606556588,29.513215786973
-162.857288475439,29.043499033115
-162.67727415769,28.5892663170027
-162.491772324502,28.1402345405678
-162.300736366507,27.6939181664472
-162.103767936281,27.2493756331227
-161.900317785173,26.8064722969821
-161.689662415606,26.365343683017
-161.470857577772,25.9263898387126
-161.242508469475,25.4904243100151
-161.002540078352,25.0589560147975
-160.747960360233,24.6344954571017
-160.477205386083,24.2187451844426
-160.188658741085,23.8124494236877
-159.876778918042,23.4084447026438
-159.7,23
